time_seconds,generation,best_fitness,best_f1,best_f2
0.0000000000,0,0.0906500323,1360.5597040238,226.4684327320
0.0218748000,1,0.0904210398,1558.6393965745,209.2927120508
0.0412921000,2,0.0904210398,1558.6393965745,209.2927120508
0.0616702000,3,0.0874981109,1631.7730586516,192.3501116693
0.0831778000,4,0.0874225871,1631.7730586516,192.0680372743
0.1038756000,5,0.0808272180,1385.9243912282,187.6912417388
0.1262375000,6,0.0808272180,1385.9243912282,187.6912417388
0.1450490000,7,0.0808272180,1385.9243912282,187.6912417388
0.1652203000,8,0.0808272180,1385.9243912282,187.6912417388
0.1835180000,9,0.0808272180,1385.9243912282,187.6912417388
0.2041148000,10,0.0808272180,1385.9243912282,187.6912417388
0.2249130000,11,0.0808272180,1385.9243912282,187.6912417388
0.2448825000,12,0.0808272180,1385.9243912282,187.6912417388
0.2655444000,13,0.0808272180,1385.9243912282,187.6912417388
0.2872738000,14,0.0808272180,1385.9243912282,187.6912417388
0.3094365000,15,0.0808272180,1385.9243912282,187.6912417388
0.3311877000,16,0.0804994704,1642.2800000000,165.3451302391
0.3508713000,17,0.0804994704,1642.2800000000,165.3451302391
0.3726954000,18,0.0804994704,1642.2800000000,165.3451302391
0.3952912000,19,0.0804994704,1642.2800000000,165.3451302391
0.4178675000,20,0.0800409701,1631.1920000000,164.5462512696
0.4391319000,21,0.0774755239,1492.7687316721,166.3697059741
0.4608378000,22,0.0774755239,1492.7687316721,166.3697059741
0.4816088000,23,0.0754712415,1405.2485118981,166.0949820550
0.5033915000,24,0.0754712415,1405.2485118981,166.0949820550
0.5257465000,25,0.0754712415,1405.2485118981,166.0949820550
0.5489750000,26,0.0754712415,1405.2485118981,166.0949820550
0.5706393000,27,0.0754712415,1405.2485118981,166.0949820550
0.5926347000,28,0.0754712415,1405.2485118981,166.0949820550
0.6247657000,29,0.0754712415,1405.2485118981,166.0949820550
0.6477601000,30,0.0751354061,1405.2485118981,164.8406677935
0.6687822000,31,0.0751354061,1405.2485118981,164.8406677935
0.6898901000,32,0.0751354061,1405.2485118981,164.8406677935
0.7105202000,33,0.0751354061,1405.2485118981,164.8406677935
0.7310119000,34,0.0751354061,1405.2485118981,164.8406677935
0.7512007000,35,0.0751354061,1405.2485118981,164.8406677935
0.7716232000,36,0.0751354061,1405.2485118981,164.8406677935
0.7923753000,37,0.0751354061,1405.2485118981,164.8406677935
0.8130620000,38,0.0751354061,1405.2485118981,164.8406677935
0.8349764000,39,0.0751354061,1405.2485118981,164.8406677935
0.8570735000,40,0.0751354061,1405.2485118981,164.8406677935
0.8790634000,41,0.0751354061,1405.2485118981,164.8406677935
0.9008574000,42,0.0751354061,1405.2485118981,164.8406677935
0.9233924000,43,0.0751354061,1405.2485118981,164.8406677935
0.9448795000,44,0.0751354061,1405.2485118981,164.8406677935
0.9673477000,45,0.0751354061,1405.2485118981,164.8406677935
0.9890510000,46,0.0751354061,1405.2485118981,164.8406677935
1.0121334000,47,0.0751354061,1405.2485118981,164.8406677935
1.0341819000,48,0.0750479784,1405.2485118981,164.5141331021
1.0547718000,49,0.0749417155,1417.7765118981,163.0850267187
1.0768437000,50,0.0749417155,1417.7765118981,163.0850267187
1.0984408000,51,0.0749417155,1417.7765118981,163.0850267187
1.1206249000,52,0.0749417155,1417.7765118981,163.0850267187
1.1419593000,53,0.0749417155,1417.7765118981,163.0850267187
1.1645443000,54,0.0749417155,1417.7765118981,163.0850267187
1.1888248000,55,0.0749417155,1417.7765118981,163.0850267187
1.2112280000,56,0.0749417155,1417.7765118981,163.0850267187
1.2342626000,57,0.0749417155,1417.7765118981,163.0850267187
1.2578830000,58,0.0749417155,1417.7765118981,163.0850267187
1.2808555000,59,0.0749417155,1417.7765118981,163.0850267187
1.3040952000,60,0.0749417155,1417.7765118981,163.0850267187
1.3281385000,61,0.0749417155,1417.7765118981,163.0850267187
1.3505477000,62,0.0749417155,1417.7765118981,163.0850267187
1.3715337000,63,0.0749417155,1417.7765118981,163.0850267187
1.3927321000,64,0.0749417155,1417.7765118981,163.0850267187
1.4141124000,65,0.0749417155,1417.7765118981,163.0850267187
1.4352623000,66,0.0749417155,1417.7765118981,163.0850267187
1.4562465000,67,0.0749417155,1417.7765118981,163.0850267187
1.4786094000,68,0.0749417155,1417.7765118981,163.0850267187
1.5009474000,69,0.0749417155,1417.7765118981,163.0850267187
1.5244939000,70,0.0749417155,1417.7765118981,163.0850267187
1.5477266000,71,0.0749417155,1417.7765118981,163.0850267187
1.5701593000,72,0.0721348121,1253.8799694507,166.1054901459
1.5930421000,73,0.0721348121,1253.8799694507,166.1054901459
1.6153366000,74,0.0721348121,1253.8799694507,166.1054901459
1.6381517000,75,0.0721348121,1253.8799694507,166.1054901459
1.6615838000,76,0.0721348121,1253.8799694507,166.1054901459
1.6828039000,77,0.0721348121,1253.8799694507,166.1054901459
1.7028933000,78,0.0721348121,1253.8799694507,166.1054901459
1.7236782000,79,0.0721348121,1253.8799694507,166.1054901459
1.7439641000,80,0.0721348121,1253.8799694507,166.1054901459
1.7664304000,81,0.0721348121,1253.8799694507,166.1054901459
1.7897539000,82,0.0721348121,1253.8799694507,166.1054901459
1.8123875000,83,0.0721348121,1253.8799694507,166.1054901459
1.8352906000,84,0.0721348121,1253.8799694507,166.1054901459
1.8578673000,85,0.0721348121,1253.8799694507,166.1054901459
1.8810270000,86,0.0721348121,1253.8799694507,166.1054901459
1.9033263000,87,0.0721348121,1253.8799694507,166.1054901459
1.9256551000,88,0.0721348121,1253.8799694507,166.1054901459
1.9472351000,89,0.0721348121,1253.8799694507,166.1054901459
1.9677623000,90,0.0721348121,1253.8799694507,166.1054901459
1.9885400000,91,0.0721348121,1253.8799694507,166.1054901459
2.0087464000,92,0.0721348121,1253.8799694507,166.1054901459
2.0300964000,93,0.0721348121,1253.8799694507,166.1054901459
2.0509874000,94,0.0721348121,1253.8799694507,166.1054901459
2.0721156000,95,0.0721348121,1253.8799694507,166.1054901459
2.0948888000,96,0.0721348121,1253.8799694507,166.1054901459
2.1179956000,97,0.0721348121,1253.8799694507,166.1054901459
2.1418005000,98,0.0715911243,1320.8510768437,158.5568903508
2.1638968000,99,0.0715911243,1320.8510768437,158.5568903508
2.1875163000,100,0.0715911243,1320.8510768437,158.5568903508
2.2107493000,101,0.0715911243,1320.8510768437,158.5568903508
2.2343359000,102,0.0715911243,1320.8510768437,158.5568903508
2.2569964000,103,0.0715911243,1320.8510768437,158.5568903508
2.2788764000,104,0.0715911243,1320.8510768437,158.5568903508
2.2991344000,105,0.0715911243,1320.8510768437,158.5568903508
2.3192580000,106,0.0715911243,1320.8510768437,158.5568903508
2.3392274000,107,0.0715911243,1320.8510768437,158.5568903508
2.3608141000,108,0.0715911243,1320.8510768437,158.5568903508
2.3819419000,109,0.0715911243,1320.8510768437,158.5568903508
2.4031793000,110,0.0715911243,1320.8510768437,158.5568903508
2.4268718000,111,0.0715911243,1320.8510768437,158.5568903508
2.4482359000,112,0.0715911243,1320.8510768437,158.5568903508
2.4681055000,113,0.0715911243,1320.8510768437,158.5568903508
2.4878916000,114,0.0715911243,1320.8510768437,158.5568903508
2.5077443000,115,0.0715911243,1320.8510768437,158.5568903508
2.5275391000,116,0.0715911243,1320.8510768437,158.5568903508
2.5474361000,117,0.0715911243,1320.8510768437,158.5568903508
2.5684201000,118,0.0715911243,1320.8510768437,158.5568903508
2.5892500000,119,0.0715911243,1320.8510768437,158.5568903508
2.6095206000,120,0.0715911243,1320.8510768437,158.5568903508
2.6300705000,121,0.0715911243,1320.8510768437,158.5568903508
2.6510244000,122,0.0715911243,1320.8510768437,158.5568903508
2.6729010000,123,0.0715911243,1320.8510768437,158.5568903508
2.6944423000,124,0.0715911243,1320.8510768437,158.5568903508
2.7161756000,125,0.0715911243,1320.8510768437,158.5568903508
2.7379747000,126,0.0715911243,1320.8510768437,158.5568903508
2.7590728000,127,0.0714787102,1308.2870768437,159.1722243736
2.7989610000,128,0.0714787102,1308.2870768437,159.1722243736
2.8478757000,129,0.0714787102,1308.2870768437,159.1722243736
2.8987125000,130,0.0714787102,1308.2870768437,159.1722243736
2.9340806000,131,0.0714787102,1308.2870768437,159.1722243736
2.9721996000,132,0.0714787102,1308.2870768437,159.1722243736
3.0157465000,133,0.0714787102,1308.2870768437,159.1722243736
3.0571053000,134,0.0714787102,1308.2870768437,159.1722243736
3.1005584000,135,0.0714787102,1308.2870768437,159.1722243736
3.1517775000,136,0.0714529161,1308.2870768437,159.0758859021
3.2024525000,137,0.0714529161,1308.2870768437,159.0758859021
3.2529844000,138,0.0714529161,1308.2870768437,159.0758859021
3.2992553000,139,0.0713980404,1308.2870768437,158.8709303754
3.3413000000,140,0.0713980404,1308.2870768437,158.8709303754
3.3961760000,141,0.0713980404,1308.2870768437,158.8709303754
3.4493015000,142,0.0713980404,1308.2870768437,158.8709303754
3.4984111000,143,0.0713980404,1308.2870768437,158.8709303754
3.5482404000,144,0.0713980404,1308.2870768437,158.8709303754
3.5972280000,145,0.0713980404,1308.2870768437,158.8709303754
3.6452528000,146,0.0713980404,1308.2870768437,158.8709303754
3.6944515000,147,0.0713980404,1308.2870768437,158.8709303754
3.7380350000,148,0.0713980404,1308.2870768437,158.8709303754
3.7814238000,149,0.0713980404,1308.2870768437,158.8709303754
3.8324684000,150,0.0713980404,1308.2870768437,158.8709303754
3.8773819000,151,0.0713980404,1308.2870768437,158.8709303754
3.9186148000,152,0.0713980404,1308.2870768437,158.8709303754
3.9614751000,153,0.0713980404,1308.2870768437,158.8709303754
4.0039299000,154,0.0713980404,1308.2870768437,158.8709303754
4.0459343000,155,0.0713980404,1308.2870768437,158.8709303754
4.0905536000,156,0.0713980404,1308.2870768437,158.8709303754
4.1464275000,157,0.0713407116,1308.2870768437,158.6568123009
4.2080542000,158,0.0713407116,1308.2870768437,158.6568123009
4.2567413000,159,0.0713407116,1308.2870768437,158.6568123009
4.3025423000,160,0.0713407116,1308.2870768437,158.6568123009
4.3455769000,161,0.0713407116,1308.2870768437,158.6568123009
4.3910347000,162,0.0713407116,1308.2870768437,158.6568123009
4.4378339000,163,0.0713407116,1308.2870768437,158.6568123009
4.4816850000,164,0.0713407116,1308.2870768437,158.6568123009
4.5264120000,165,0.0705018269,1250.6534161381,160.2722869517
4.5723367000,166,0.0705018269,1250.6534161381,160.2722869517
4.6171314000,167,0.0705018269,1250.6534161381,160.2722869517
4.6630558000,168,0.0705018269,1250.6534161381,160.2722869517
4.7123114000,169,0.0705018269,1250.6534161381,160.2722869517
4.7555053000,170,0.0705018269,1250.6534161381,160.2722869517
4.8006388000,171,0.0705018269,1250.6534161381,160.2722869517
4.8498696000,172,0.0705018269,1250.6534161381,160.2722869517
4.8952882000,173,0.0705018269,1250.6534161381,160.2722869517
4.9384969000,174,0.0705018269,1250.6534161381,160.2722869517
4.9828543000,175,0.0705018269,1250.6534161381,160.2722869517
5.0253131000,176,0.0705018269,1250.6534161381,160.2722869517
5.0711118000,177,0.0703233639,1250.6534161381,159.6057442534
5.1199510000,178,0.0703233639,1250.6534161381,159.6057442534
5.1707931000,179,0.0703233639,1250.6534161381,159.6057442534
5.2179726000,180,0.0703233639,1250.6534161381,159.6057442534
5.2615479000,181,0.0703233639,1250.6534161381,159.6057442534
5.3101124000,182,0.0703233639,1250.6534161381,159.6057442534
5.3575226000,183,0.0703233639,1250.6534161381,159.6057442534
5.4055295000,184,0.0703233639,1250.6534161381,159.6057442534
5.4536274000,185,0.0703233639,1250.6534161381,159.6057442534
5.4965827000,186,0.0703233639,1250.6534161381,159.6057442534
5.5424190000,187,0.0702383723,1250.6534161381,159.2883083105
5.5878448000,188,0.0702383723,1250.6534161381,159.2883083105
5.6332961000,189,0.0702383723,1250.6534161381,159.2883083105
5.6816446000,190,0.0702383723,1250.6534161381,159.2883083105
5.7323048000,191,0.0702383723,1250.6534161381,159.2883083105
5.7745104000,192,0.0702383723,1250.6534161381,159.2883083105
5.8155900000,193,0.0702383723,1250.6534161381,159.2883083105
5.8598397000,194,0.0702383723,1250.6534161381,159.2883083105
5.9020640000,195,0.0702383723,1250.6534161381,159.2883083105
5.9455015000,196,0.0702383723,1250.6534161381,159.2883083105
5.9983234000,197,0.0702383723,1250.6534161381,159.2883083105
6.0420202000,198,0.0702383723,1250.6534161381,159.2883083105
6.0843832000,199,0.0698962286,1250.6534161381,158.0104330837
6.1283549000,200,0.0698962286,1250.6534161381,158.0104330837
6.1753454000,201,0.0698962286,1250.6534161381,158.0104330837
6.2238537000,202,0.0698962286,1250.6534161381,158.0104330837
6.2710186000,203,0.0698962286,1250.6534161381,158.0104330837
6.3169864000,204,0.0698962286,1250.6534161381,158.0104330837
6.3595115000,205,0.0696724370,1250.6534161381,157.1745921203
6.4043691000,206,0.0696724370,1250.6534161381,157.1745921203
6.4500414000,207,0.0696582404,1250.6534161381,157.1215689774
6.4949275000,208,0.0695831520,1236.2020000000,158.0318217176
6.5346471000,209,0.0695831520,1236.2020000000,158.0318217176
6.5839166000,210,0.0695624493,1236.2020000000,157.9544991638
6.6321133000,211,0.0695624493,1236.2020000000,157.9544991638
6.6766559000,212,0.0695624493,1236.2020000000,157.9544991638
6.7258430000,213,0.0695624493,1236.2020000000,157.9544991638
6.7732098000,214,0.0695624493,1236.2020000000,157.9544991638
6.8220259000,215,0.0695624493,1236.2020000000,157.9544991638
6.8682903000,216,0.0695624493,1236.2020000000,157.9544991638
6.9141599000,217,0.0695624493,1236.2020000000,157.9544991638
6.9669145000,218,0.0695624493,1236.2020000000,157.9544991638
7.0265765000,219,0.0695624493,1236.2020000000,157.9544991638
7.0812042000,220,0.0695624493,1236.2020000000,157.9544991638
7.1291178000,221,0.0695624493,1236.2020000000,157.9544991638
7.1760018000,222,0.0695624493,1236.2020000000,157.9544991638
7.2223949000,223,0.0695624493,1236.2020000000,157.9544991638
7.2685945000,224,0.0695624493,1236.2020000000,157.9544991638
7.3147734000,225,0.0695624493,1236.2020000000,157.9544991638
7.3567269000,226,0.0695624493,1236.2020000000,157.9544991638
7.4042326000,227,0.0695624493,1236.2020000000,157.9544991638
7.4481609000,228,0.0695624493,1236.2020000000,157.9544991638
7.4956609000,229,0.0695624493,1236.2020000000,157.9544991638
7.5363365000,230,0.0695624493,1236.2020000000,157.9544991638
7.5949227000,231,0.0695624493,1236.2020000000,157.9544991638
7.6492710000,232,0.0694750537,1236.2020000000,157.6280843320
7.6961774000,233,0.0694351528,1236.2020000000,157.4790582289
7.7422951000,234,0.0694351528,1236.2020000000,157.4790582289
7.7886109000,235,0.0694351528,1236.2020000000,157.4790582289
7.8376737000,236,0.0694351528,1236.2020000000,157.4790582289
7.8849103000,237,0.0694351528,1236.2020000000,157.4790582289
7.9300014000,238,0.0694351528,1236.2020000000,157.4790582289
7.9755140000,239,0.0694351528,1236.2020000000,157.4790582289
8.0172352000,240,0.0694351528,1236.2020000000,157.4790582289
8.0613550000,241,0.0694351528,1236.2020000000,157.4790582289
8.1065303000,242,0.0694351528,1236.2020000000,157.4790582289
8.1522397000,243,0.0694351528,1236.2020000000,157.4790582289
8.2016241000,244,0.0694351528,1236.2020000000,157.4790582289
8.2449612000,245,0.0694351528,1236.2020000000,157.4790582289
8.2872785000,246,0.0694351528,1236.2020000000,157.4790582289
8.3313925000,247,0.0694351528,1236.2020000000,157.4790582289
8.3793277000,248,0.0694351528,1236.2020000000,157.4790582289
8.4251148000,249,0.0694351528,1236.2020000000,157.4790582289
8.4735211000,250,0.0694351528,1236.2020000000,157.4790582289
8.5232811000,251,0.0694351528,1236.2020000000,157.4790582289
8.5674380000,252,0.0693216292,1236.2020000000,157.0550582289
8.6129279000,253,0.0693216292,1236.2020000000,157.0550582289
8.6596626000,254,0.0693216292,1236.2020000000,157.0550582289
8.7044367000,255,0.0693216292,1236.2020000000,157.0550582289
8.7489337000,256,0.0693216292,1236.2020000000,157.0550582289
8.7891581000,257,0.0693216292,1236.2020000000,157.0550582289
8.8302603000,258,0.0692405037,1236.2020000000,156.7520617328
8.8786098000,259,0.0692405037,1236.2020000000,156.7520617328
8.9219750000,260,0.0692405037,1236.2020000000,156.7520617328
8.9597509000,261,0.0692405037,1236.2020000000,156.7520617328
9.0016707000,262,0.0692405037,1236.2020000000,156.7520617328
9.0495690000,263,0.0692405037,1236.2020000000,156.7520617328
9.1060408000,264,0.0691464929,1235.2389015545,156.4802931503
9.1661088000,265,0.0691464929,1235.2389015545,156.4802931503
9.2142548000,266,0.0691464929,1235.2389015545,156.4802931503
9.2665028000,267,0.0691464929,1235.2389015545,156.4802931503
9.3157352000,268,0.0691464929,1235.2389015545,156.4802931503
9.3746625000,269,0.0691464929,1235.2389015545,156.4802931503
9.4279019000,270,0.0690043208,1235.2389015545,155.9492931503
9.4822754000,271,0.0690043208,1235.2389015545,155.9492931503
9.5340639000,272,0.0690043208,1235.2389015545,155.9492931503
9.5757258000,273,0.0690043208,1235.2389015545,155.9492931503
9.6241056000,274,0.0690043208,1235.2389015545,155.9492931503
9.6719328000,275,0.0690043208,1235.2389015545,155.9492931503
9.7187459000,276,0.0690043208,1235.2389015545,155.9492931503
9.7665997000,277,0.0690043208,1235.2389015545,155.9492931503
9.8140676000,278,0.0690043208,1235.2389015545,155.9492931503
9.8610526000,279,0.0690043208,1235.2389015545,155.9492931503
9.9092039000,280,0.0690043208,1235.2389015545,155.9492931503
9.9560981000,281,0.0690043208,1235.2389015545,155.9492931503
10.0038880000,282,0.0690043208,1235.2389015545,155.9492931503
10.0523864000,283,0.0690043208,1235.2389015545,155.9492931503
10.0990765000,284,0.0690043208,1235.2389015545,155.9492931503
10.1498967000,285,0.0690043208,1235.2389015545,155.9492931503
10.1994526000,286,0.0690043208,1235.2389015545,155.9492931503
10.2468917000,287,0.0690043208,1235.2389015545,155.9492931503
10.2947987000,288,0.0690043208,1235.2389015545,155.9492931503
10.3409172000,289,0.0690043208,1235.2389015545,155.9492931503
10.3890352000,290,0.0690043208,1235.2389015545,155.9492931503
10.4322741000,291,0.0685694161,1215.4068644130,155.9589927414
10.4783832000,292,0.0685694161,1215.4068644130,155.9589927414
10.5227249000,293,0.0685694161,1215.4068644130,155.9589927414
10.5691104000,294,0.0685694161,1215.4068644130,155.9589927414
10.6134976000,295,0.0685694161,1215.4068644130,155.9589927414
10.6564993000,296,0.0685694161,1215.4068644130,155.9589927414
10.6997925000,297,0.0685694161,1215.4068644130,155.9589927414
10.7463610000,298,0.0685694161,1215.4068644130,155.9589927414
10.7929693000,299,0.0685694161,1215.4068644130,155.9589927414
10.8400059000,300,0.0685694161,1215.4068644130,155.9589927414
10.8861935000,301,0.0685694161,1215.4068644130,155.9589927414
10.9300354000,302,0.0685694161,1215.4068644130,155.9589927414
10.9733968000,303,0.0685694161,1215.4068644130,155.9589927414
11.0168433000,304,0.0685694161,1215.4068644130,155.9589927414
11.0635016000,305,0.0685694161,1215.4068644130,155.9589927414
11.1067933000,306,0.0685694161,1215.4068644130,155.9589927414
11.1496084000,307,0.0685694161,1215.4068644130,155.9589927414
11.1890432000,308,0.0685694161,1215.4068644130,155.9589927414
11.2360034000,309,0.0684029182,1215.9566901555,155.2918362879
11.2880273000,310,0.0684029182,1215.9566901555,155.2918362879
11.3433566000,311,0.0684029182,1215.9566901555,155.2918362879
11.3999243000,312,0.0684029182,1215.9566901555,155.2918362879
11.4450563000,313,0.0684029182,1215.9566901555,155.2918362879
11.4921393000,314,0.0684029182,1215.9566901555,155.2918362879
11.5300551000,315,0.0684029182,1215.9566901555,155.2918362879
11.5676888000,316,0.0684029182,1215.9566901555,155.2918362879
11.6098185000,317,0.0684029182,1215.9566901555,155.2918362879
11.6534851000,318,0.0684029182,1215.9566901555,155.2918362879
11.7010697000,319,0.0684029182,1215.9566901555,155.2918362879
11.7451469000,320,0.0684029182,1215.9566901555,155.2918362879
11.7884217000,321,0.0684029182,1215.9566901555,155.2918362879
11.8324919000,322,0.0684029182,1215.9566901555,155.2918362879
11.8786497000,323,0.0684029182,1215.9566901555,155.2918362879
11.9249234000,324,0.0684029182,1215.9566901555,155.2918362879
11.9714300000,325,0.0684029182,1215.9566901555,155.2918362879
12.0149670000,326,0.0684029182,1215.9566901555,155.2918362879
12.0550186000,327,0.0684029182,1215.9566901555,155.2918362879
12.0971131000,328,0.0684029182,1215.9566901555,155.2918362879
12.1403711000,329,0.0684029182,1215.9566901555,155.2918362879
12.1868551000,330,0.0684029182,1215.9566901555,155.2918362879
12.2305272000,331,0.0684029182,1215.9566901555,155.2918362879
12.2733995000,332,0.0684029182,1215.9566901555,155.2918362879
12.3204971000,333,0.0684029182,1215.9566901555,155.2918362879
12.3672061000,334,0.0684029182,1215.9566901555,155.2918362879
12.4071995000,335,0.0684029182,1215.9566901555,155.2918362879
12.4512735000,336,0.0684029182,1215.9566901555,155.2918362879
12.4965631000,337,0.0684029182,1215.9566901555,155.2918362879
12.5469444000,338,0.0684029182,1215.9566901555,155.2918362879
12.5861939000,339,0.0684029182,1215.9566901555,155.2918362879
12.6279554000,340,0.0684029182,1215.9566901555,155.2918362879
12.6713152000,341,0.0684029182,1215.9566901555,155.2918362879
12.7147711000,342,0.0684029182,1215.9566901555,155.2918362879
12.7611754000,343,0.0684029182,1215.9566901555,155.2918362879
12.8002233000,344,0.0684029182,1215.9566901555,155.2918362879
12.8456414000,345,0.0684029182,1215.9566901555,155.2918362879
12.8923652000,346,0.0684029182,1215.9566901555,155.2918362879
12.9367024000,347,0.0684029182,1215.9566901555,155.2918362879
12.9814965000,348,0.0684029182,1215.9566901555,155.2918362879
13.0251302000,349,0.0684029182,1215.9566901555,155.2918362879
13.0698919000,350,0.0684029182,1215.9566901555,155.2918362879
13.1136973000,351,0.0684029182,1215.9566901555,155.2918362879
13.1611173000,352,0.0684029182,1215.9566901555,155.2918362879
13.2053266000,353,0.0684029182,1215.9566901555,155.2918362879
13.2517704000,354,0.0684029182,1215.9566901555,155.2918362879
13.2999851000,355,0.0684029182,1215.9566901555,155.2918362879
13.3565794000,356,0.0684029182,1215.9566901555,155.2918362879
13.4047878000,357,0.0684029182,1215.9566901555,155.2918362879
13.4536826000,358,0.0684029182,1215.9566901555,155.2918362879
13.5016506000,359,0.0684029182,1215.9566901555,155.2918362879
13.5488989000,360,0.0684029182,1215.9566901555,155.2918362879
13.5982085000,361,0.0684029182,1215.9566901555,155.2918362879
13.6436564000,362,0.0684029182,1215.9566901555,155.2918362879
13.6881777000,363,0.0684029182,1215.9566901555,155.2918362879
13.7332530000,364,0.0683907690,1215.9566901555,155.2464602438
13.7753859000,365,0.0683907690,1215.9566901555,155.2464602438
13.8171291000,366,0.0682431316,1215.9566901555,154.6950479445
13.8600048000,367,0.0682431316,1215.9566901555,154.6950479445
13.9045944000,368,0.0682431316,1215.9566901555,154.6950479445
13.9467798000,369,0.0682431316,1215.9566901555,154.6950479445
13.9911520000,370,0.0682431316,1215.9566901555,154.6950479445
14.0376503000,371,0.0682431316,1215.9566901555,154.6950479445
14.0821292000,372,0.0682431316,1215.9566901555,154.6950479445
14.1250657000,373,0.0682431316,1215.9566901555,154.6950479445
14.1671987000,374,0.0682431316,1215.9566901555,154.6950479445
14.2104365000,375,0.0682431316,1215.9566901555,154.6950479445
14.2528904000,376,0.0682431316,1215.9566901555,154.6950479445
14.2970906000,377,0.0682431316,1215.9566901555,154.6950479445
14.3389896000,378,0.0682431316,1215.9566901555,154.6950479445
14.3814218000,379,0.0682431316,1215.9566901555,154.6950479445
14.4239169000,380,0.0682431316,1215.9566901555,154.6950479445
14.4674374000,381,0.0682431316,1215.9566901555,154.6950479445
14.5106559000,382,0.0682431316,1215.9566901555,154.6950479445
14.5538672000,383,0.0682431316,1215.9566901555,154.6950479445
14.6004148000,384,0.0682431316,1215.9566901555,154.6950479445
14.6417242000,385,0.0682431316,1215.9566901555,154.6950479445
14.6838336000,386,0.0682431316,1215.9566901555,154.6950479445
14.7256048000,387,0.0682431316,1215.9566901555,154.6950479445
14.7703215000,388,0.0682431316,1215.9566901555,154.6950479445
14.8164479000,389,0.0682431316,1215.9566901555,154.6950479445
14.8604247000,390,0.0682431316,1215.9566901555,154.6950479445
14.8992377000,391,0.0682431316,1215.9566901555,154.6950479445
14.9459351000,392,0.0682431316,1215.9566901555,154.6950479445
15.0030547000,393,0.0682431316,1215.9566901555,154.6950479445
15.0503750000,394,0.0682431316,1215.9566901555,154.6950479445
15.0974249000,395,0.0682431316,1215.9566901555,154.6950479445
15.1447015000,396,0.0682431316,1215.9566901555,154.6950479445
15.1957254000,397,0.0682431316,1215.9566901555,154.6950479445
15.2484766000,398,0.0682431316,1215.9566901555,154.6950479445
15.2929712000,399,0.0682431316,1215.9566901555,154.6950479445
15.3369291000,400,0.0682431316,1215.9566901555,154.6950479445
15.3839048000,401,0.0682431316,1215.9566901555,154.6950479445
15.4247797000,402,0.0682431316,1215.9566901555,154.6950479445
15.4694008000,403,0.0682431316,1215.9566901555,154.6950479445
15.5153623000,404,0.0682431316,1215.9566901555,154.6950479445
15.5569201000,405,0.0682431316,1215.9566901555,154.6950479445
15.5991083000,406,0.0682431316,1215.9566901555,154.6950479445
15.6451526000,407,0.0682431316,1215.9566901555,154.6950479445
15.6897426000,408,0.0682431316,1215.9566901555,154.6950479445
15.7367696000,409,0.0682431316,1215.9566901555,154.6950479445
15.7814696000,410,0.0682431316,1215.9566901555,154.6950479445
15.8273792000,411,0.0682431316,1215.9566901555,154.6950479445
15.8721040000,412,0.0682431316,1215.9566901555,154.6950479445
15.9182064000,413,0.0682431316,1215.9566901555,154.6950479445
15.9637546000,414,0.0682431316,1215.9566901555,154.6950479445
16.0048491000,415,0.0682431316,1215.9566901555,154.6950479445
16.0478377000,416,0.0682431316,1215.9566901555,154.6950479445
16.0883819000,417,0.0682431316,1215.9566901555,154.6950479445
16.1327099000,418,0.0682091274,1215.9566901555,154.5680454441
16.1780986000,419,0.0682091274,1215.9566901555,154.5680454441
16.2223587000,420,0.0682091274,1215.9566901555,154.5680454441
16.2655968000,421,0.0682091274,1215.9566901555,154.5680454441
16.3064413000,422,0.0682091274,1215.9566901555,154.5680454441
16.3505180000,423,0.0682091274,1215.9566901555,154.5680454441
16.3920058000,424,0.0682091274,1215.9566901555,154.5680454441
16.4335817000,425,0.0682091274,1215.9566901555,154.5680454441
16.4769978000,426,0.0682091274,1215.9566901555,154.5680454441
16.5212297000,427,0.0682091274,1215.9566901555,154.5680454441
16.5668381000,428,0.0682091274,1215.9566901555,154.5680454441
16.6096273000,429,0.0682091274,1215.9566901555,154.5680454441
16.6511378000,430,0.0681529011,1215.9566901555,154.3580454441
16.7086125000,431,0.0681529011,1215.9566901555,154.3580454441
16.7494933000,432,0.0681357655,1215.9566901555,154.2940454441
16.7879568000,433,0.0681357655,1215.9566901555,154.2940454441
16.8455432000,434,0.0681357655,1215.9566901555,154.2940454441
16.8989575000,435,0.0681357655,1215.9566901555,154.2940454441
16.9479108000,436,0.0681357655,1215.9566901555,154.2940454441
16.9944533000,437,0.0681357655,1215.9566901555,154.2940454441
17.0378144000,438,0.0681357655,1215.9566901555,154.2940454441
17.0802471000,439,0.0681357655,1215.9566901555,154.2940454441
17.1209677000,440,0.0681357655,1215.9566901555,154.2940454441
17.1647351000,441,0.0681357655,1215.9566901555,154.2940454441
17.2094494000,442,0.0681357655,1215.9566901555,154.2940454441
17.2535490000,443,0.0681357655,1215.9566901555,154.2940454441
17.3016554000,444,0.0681357655,1215.9566901555,154.2940454441
17.3424208000,445,0.0681357655,1215.9566901555,154.2940454441
17.3863888000,446,0.0681357655,1215.9566901555,154.2940454441
17.4309381000,447,0.0681357655,1215.9566901555,154.2940454441
17.4757715000,448,0.0681357655,1215.9566901555,154.2940454441
17.5193117000,449,0.0681357655,1215.9566901555,154.2940454441
17.5651059000,450,0.0681357655,1215.9566901555,154.2940454441
17.6147253000,451,0.0681357655,1215.9566901555,154.2940454441
17.6608286000,452,0.0681357655,1215.9566901555,154.2940454441
17.7044577000,453,0.0681357655,1215.9566901555,154.2940454441
17.7471561000,454,0.0681357655,1215.9566901555,154.2940454441
17.7882881000,455,0.0681357655,1215.9566901555,154.2940454441
17.8318245000,456,0.0681357655,1215.9566901555,154.2940454441
17.8747789000,457,0.0681357655,1215.9566901555,154.2940454441
17.9173259000,458,0.0681357655,1215.9566901555,154.2940454441
17.9592956000,459,0.0681357655,1215.9566901555,154.2940454441
18.0005477000,460,0.0681357655,1215.9566901555,154.2940454441
18.0411097000,461,0.0681357655,1215.9566901555,154.2940454441
18.0794165000,462,0.0681357655,1215.9566901555,154.2940454441
18.1226007000,463,0.0681357655,1215.9566901555,154.2940454441
18.1654634000,464,0.0681357655,1215.9566901555,154.2940454441
18.2088505000,465,0.0681357655,1215.9566901555,154.2940454441
18.2498924000,466,0.0681357655,1215.9566901555,154.2940454441
18.2944729000,467,0.0681357655,1215.9566901555,154.2940454441
18.3380033000,468,0.0681357655,1215.9566901555,154.2940454441
18.3848539000,469,0.0681357655,1215.9566901555,154.2940454441
18.4249974000,470,0.0681357655,1215.9566901555,154.2940454441
18.4703983000,471,0.0681285894,1215.9566901555,154.2672436284
18.5114693000,472,0.0681285894,1215.9566901555,154.2672436284
18.5557270000,473,0.0681285894,1215.9566901555,154.2672436284
18.5974595000,474,0.0681285894,1215.9566901555,154.2672436284
18.6342281000,475,0.0681285894,1215.9566901555,154.2672436284
18.6746679000,476,0.0681285894,1215.9566901555,154.2672436284
18.7164174000,477,0.0681285894,1215.9566901555,154.2672436284
18.7577925000,478,0.0680892470,1215.9566901555,154.1203033931
18.7992117000,479,0.0680892470,1215.9566901555,154.1203033931
18.8455975000,480,0.0680892470,1215.9566901555,154.1203033931
18.8915049000,481,0.0680892470,1215.9566901555,154.1203033931
18.9315579000,482,0.0680792286,1215.9566901555,154.0828852977
18.9840138000,483,0.0680792286,1215.9566901555,154.0828852977
19.0283761000,484,0.0680792286,1215.9566901555,154.0828852977
19.0700340000,485,0.0680792286,1215.9566901555,154.0828852977
19.1131165000,486,0.0680792286,1215.9566901555,154.0828852977
19.1598186000,487,0.0680792286,1215.9566901555,154.0828852977
19.2007688000,488,0.0680536257,1215.9566901555,153.9872609206
19.2389049000,489,0.0680536257,1215.9566901555,153.9872609206
19.2803843000,490,0.0680536257,1215.9566901555,153.9872609206
19.3219185000,491,0.0680536257,1215.9566901555,153.9872609206
19.3650310000,492,0.0680536257,1215.9566901555,153.9872609206
19.4061917000,493,0.0680536257,1215.9566901555,153.9872609206
19.4493522000,494,0.0680536257,1215.9566901555,153.9872609206
19.4895409000,495,0.0680536257,1215.9566901555,153.9872609206
19.5288819000,496,0.0680536257,1215.9566901555,153.9872609206
19.5719314000,497,0.0680536257,1215.9566901555,153.9872609206
19.6166875000,498,0.0680536257,1215.9566901555,153.9872609206
19.6534256000,499,0.0680536257,1215.9566901555,153.9872609206
19.6903397000,500,0.0680536257,1215.9566901555,153.9872609206
19.7296617000,501,0.0680536257,1215.9566901555,153.9872609206
19.7699085000,502,0.0678891407,1215.9566901555,153.3729246507
19.8100958000,503,0.0678891407,1215.9566901555,153.3729246507
19.8509187000,504,0.0678891407,1215.9566901555,153.3729246507
19.8879185000,505,0.0678891407,1215.9566901555,153.3729246507
19.9234432000,506,0.0678891407,1215.9566901555,153.3729246507
19.9646638000,507,0.0678891407,1215.9566901555,153.3729246507
20.0027498000,508,0.0678891407,1215.9566901555,153.3729246507
20.0392026000,509,0.0678891407,1215.9566901555,153.3729246507
20.0759790000,510,0.0678891407,1215.9566901555,153.3729246507
20.1154242000,511,0.0678891407,1215.9566901555,153.3729246507
20.1520243000,512,0.0678891407,1215.9566901555,153.3729246507
20.1909735000,513,0.0678891407,1215.9566901555,153.3729246507
20.2297335000,514,0.0678891407,1215.9566901555,153.3729246507
20.2673057000,515,0.0678891407,1215.9566901555,153.3729246507
20.3144834000,516,0.0678891407,1215.9566901555,153.3729246507
20.3540058000,517,0.0678891407,1215.9566901555,153.3729246507
20.3949365000,518,0.0678891407,1215.9566901555,153.3729246507
20.4323831000,519,0.0678891407,1215.9566901555,153.3729246507
20.4692551000,520,0.0678891407,1215.9566901555,153.3729246507
20.5045344000,521,0.0678330400,1215.9566901555,153.1633934741
20.5421508000,522,0.0678167035,1215.9566901555,153.1023781700
20.5823422000,523,0.0678167035,1215.9566901555,153.1023781700
20.6196281000,524,0.0678167035,1215.9566901555,153.1023781700
20.6590311000,525,0.0671234446,1215.9566901555,150.5131199027
20.6951572000,526,0.0671234446,1215.9566901555,150.5131199027
20.7336799000,527,0.0671234446,1215.9566901555,150.5131199027
20.7691637000,528,0.0671234446,1215.9566901555,150.5131199027
20.8069254000,529,0.0671234446,1215.9566901555,150.5131199027
20.8454274000,530,0.0671234446,1215.9566901555,150.5131199027
20.8842456000,531,0.0671234446,1215.9566901555,150.5131199027
20.9218035000,532,0.0671234446,1215.9566901555,150.5131199027
20.9592006000,533,0.0671234446,1215.9566901555,150.5131199027
20.9997845000,534,0.0671234446,1215.9566901555,150.5131199027
21.0401782000,535,0.0671234446,1215.9566901555,150.5131199027
21.0799537000,536,0.0671234446,1215.9566901555,150.5131199027
21.1180688000,537,0.0671234446,1215.9566901555,150.5131199027
21.1569342000,538,0.0671234446,1215.9566901555,150.5131199027
21.1970838000,539,0.0671234446,1215.9566901555,150.5131199027
21.2338031000,540,0.0671234446,1215.9566901555,150.5131199027
21.2693949000,541,0.0671234446,1215.9566901555,150.5131199027
21.3113042000,542,0.0671234446,1215.9566901555,150.5131199027
21.3527230000,543,0.0671234446,1215.9566901555,150.5131199027
21.3926585000,544,0.0671234446,1215.9566901555,150.5131199027
21.4324953000,545,0.0671234446,1215.9566901555,150.5131199027
21.4689823000,546,0.0670777947,1215.9566901555,150.3426218522
21.5042544000,547,0.0670777947,1215.9566901555,150.3426218522
21.5453103000,548,0.0670777947,1215.9566901555,150.3426218522
21.5828214000,549,0.0670777947,1215.9566901555,150.3426218522
21.6212380000,550,0.0670777947,1215.9566901555,150.3426218522
21.6583176000,551,0.0670777947,1215.9566901555,150.3426218522
21.6974799000,552,0.0670777947,1215.9566901555,150.3426218522
21.7369669000,553,0.0670777947,1215.9566901555,150.3426218522
21.7758021000,554,0.0670777947,1215.9566901555,150.3426218522
21.8144456000,555,0.0670777947,1215.9566901555,150.3426218522
21.8533563000,556,0.0670777947,1215.9566901555,150.3426218522
21.8924968000,557,0.0670777947,1215.9566901555,150.3426218522
21.9298188000,558,0.0670777947,1215.9566901555,150.3426218522
21.9660944000,559,0.0670777947,1215.9566901555,150.3426218522
22.0045074000,560,0.0670777947,1215.9566901555,150.3426218522
22.0425661000,561,0.0670777947,1215.9566901555,150.3426218522
22.0809643000,562,0.0670777947,1215.9566901555,150.3426218522
22.1256046000,563,0.0670777947,1215.9566901555,150.3426218522
22.1667959000,564,0.0670777947,1215.9566901555,150.3426218522
22.2085542000,565,0.0670777947,1215.9566901555,150.3426218522
22.2488848000,566,0.0670777947,1215.9566901555,150.3426218522
22.2873992000,567,0.0670777947,1215.9566901555,150.3426218522
22.3259911000,568,0.0670438216,1215.9566901555,150.2157353874
22.3651871000,569,0.0670438216,1215.9566901555,150.2157353874
22.4028273000,570,0.0670438216,1215.9566901555,150.2157353874
22.4436798000,571,0.0670438216,1215.9566901555,150.2157353874
22.4846109000,572,0.0670249318,1215.9566901555,150.1451839370
22.5216391000,573,0.0670249318,1215.9566901555,150.1451839370
22.5573248000,574,0.0669630505,1210.7712886698,150.3413056714
22.5931267000,575,0.0669630505,1210.7712886698,150.3413056714
22.6295752000,576,0.0669630505,1210.7712886698,150.3413056714
22.6669064000,577,0.0669630505,1210.7712886698,150.3413056714
22.7046088000,578,0.0669630505,1210.7712886698,150.3413056714
22.7436573000,579,0.0669630505,1210.7712886698,150.3413056714
22.7809467000,580,0.0669630505,1210.7712886698,150.3413056714
22.8164040000,581,0.0664886492,1215.9566901555,148.1422174348
22.8525223000,582,0.0664886492,1215.9566901555,148.1422174348
22.8874619000,583,0.0664886492,1215.9566901555,148.1422174348
22.9204939000,584,0.0664886492,1215.9566901555,148.1422174348
22.9561334000,585,0.0664886492,1215.9566901555,148.1422174348
22.9890670000,586,0.0664886492,1215.9566901555,148.1422174348
23.0226440000,587,0.0664886492,1215.9566901555,148.1422174348
23.0563083000,588,0.0664886492,1215.9566901555,148.1422174348
23.0917189000,589,0.0664886492,1215.9566901555,148.1422174348
23.1226318000,590,0.0664886492,1215.9566901555,148.1422174348
23.1573634000,591,0.0664832800,1215.9566901555,148.1221639127
23.1910624000,592,0.0664832800,1215.9566901555,148.1221639127
23.2275331000,593,0.0664832800,1215.9566901555,148.1221639127
23.2617942000,594,0.0664832800,1215.9566901555,148.1221639127
23.2962354000,595,0.0664832800,1215.9566901555,148.1221639127
23.3323704000,596,0.0664832800,1215.9566901555,148.1221639127
23.3685988000,597,0.0664832800,1215.9566901555,148.1221639127
23.4037379000,598,0.0664534043,1215.9566901555,148.0105812025
23.4364321000,599,0.0664534043,1215.9566901555,148.0105812025
23.4735924000,600,0.0664534043,1215.9566901555,148.0105812025
23.5105110000,601,0.0664534043,1215.9566901555,148.0105812025
23.5463380000,602,0.0664534043,1215.9566901555,148.0105812025
23.5832492000,603,0.0664534043,1215.9566901555,148.0105812025
23.6175934000,604,0.0664534043,1215.9566901555,148.0105812025
23.6566281000,605,0.0664534043,1215.9566901555,148.0105812025
23.6914814000,606,0.0664534043,1215.9566901555,148.0105812025
23.7280422000,607,0.0664534043,1215.9566901555,148.0105812025
23.7660466000,608,0.0664534043,1215.9566901555,148.0105812025
23.8051404000,609,0.0664534043,1215.9566901555,148.0105812025
23.8429421000,610,0.0664534043,1215.9566901555,148.0105812025
23.8854923000,611,0.0664534043,1215.9566901555,148.0105812025
23.9225404000,612,0.0663536969,1215.9566901555,147.6381830559
23.9636693000,613,0.0663536969,1215.9566901555,147.6381830559
24.0019065000,614,0.0663536969,1215.9566901555,147.6381830559
24.0393558000,615,0.0663536969,1215.9566901555,147.6381830559
24.0766429000,616,0.0663536969,1215.9566901555,147.6381830559
24.1153800000,617,0.0663536969,1215.9566901555,147.6381830559
24.1539950000,618,0.0663536969,1215.9566901555,147.6381830559
24.1943954000,619,0.0663536969,1215.9566901555,147.6381830559
24.2326873000,620,0.0663536969,1215.9566901555,147.6381830559
24.2719826000,621,0.0663536969,1215.9566901555,147.6381830559
24.3145089000,622,0.0663536969,1215.9566901555,147.6381830559
24.3531575000,623,0.0663536969,1215.9566901555,147.6381830559
24.3947473000,624,0.0663536969,1215.9566901555,147.6381830559
24.4362741000,625,0.0663536969,1215.9566901555,147.6381830559
24.4754175000,626,0.0663536969,1215.9566901555,147.6381830559
24.5126825000,627,0.0663536969,1215.9566901555,147.6381830559
24.5503409000,628,0.0663414685,1215.9566901555,147.5925112782
24.5859713000,629,0.0663414685,1215.9566901555,147.5925112782
24.6203092000,630,0.0663414685,1215.9566901555,147.5925112782
24.6575881000,631,0.0663089710,1215.9566901555,147.4711360392
24.6922534000,632,0.0663089710,1215.9566901555,147.4711360392
24.7360937000,633,0.0663089710,1215.9566901555,147.4711360392
24.7774417000,634,0.0663089710,1215.9566901555,147.4711360392
24.8239111000,635,0.0662895992,1215.9566901555,147.3987841363
24.8670689000,636,0.0662895992,1215.9566901555,147.3987841363
24.9051585000,637,0.0662895992,1215.9566901555,147.3987841363
24.9433929000,638,0.0662342980,1215.9566901555,147.1922391761
24.9849957000,639,0.0662342980,1215.9566901555,147.1922391761
25.0230938000,640,0.0662342980,1215.9566901555,147.1922391761
25.0587613000,641,0.0662342980,1215.9566901555,147.1922391761
25.0975677000,642,0.0662342980,1215.9566901555,147.1922391761
25.1350245000,643,0.0662342980,1215.9566901555,147.1922391761
25.1728524000,644,0.0662342980,1215.9566901555,147.1922391761
25.2102392000,645,0.0662342980,1215.9566901555,147.1922391761
25.2469764000,646,0.0661397096,1215.9566901555,146.8389601523
25.2835229000,647,0.0661397096,1215.9566901555,146.8389601523
25.3205315000,648,0.0661397096,1215.9566901555,146.8389601523
25.3576150000,649,0.0661397096,1215.9566901555,146.8389601523
25.3933503000,650,0.0661397096,1215.9566901555,146.8389601523
25.4296511000,651,0.0661397096,1215.9566901555,146.8389601523
25.4642789000,652,0.0661397096,1215.9566901555,146.8389601523
25.4991521000,653,0.0661397096,1215.9566901555,146.8389601523
25.5360554000,654,0.0661397096,1215.9566901555,146.8389601523
25.5709106000,655,0.0661069490,1215.9566901555,146.7166023373
25.6051274000,656,0.0661069490,1215.9566901555,146.7166023373
25.6386082000,657,0.0661069490,1215.9566901555,146.7166023373
25.6735911000,658,0.0661069490,1215.9566901555,146.7166023373
25.7113132000,659,0.0661069490,1215.9566901555,146.7166023373
25.7448597000,660,0.0661069490,1215.9566901555,146.7166023373
25.7815847000,661,0.0661069490,1215.9566901555,146.7166023373
25.8175862000,662,0.0661069490,1215.9566901555,146.7166023373
25.8531423000,663,0.0661069490,1215.9566901555,146.7166023373
25.8923235000,664,0.0660795307,1215.9566901555,146.6141975981
25.9307893000,665,0.0660795307,1215.9566901555,146.6141975981
25.9652047000,666,0.0660795307,1215.9566901555,146.6141975981
25.9984992000,667,0.0660795307,1215.9566901555,146.6141975981
26.0327154000,668,0.0660795307,1215.9566901555,146.6141975981
26.0648162000,669,0.0660795307,1215.9566901555,146.6141975981
26.0984717000,670,0.0660795307,1215.9566901555,146.6141975981
26.1323391000,671,0.0660795307,1215.9566901555,146.6141975981
26.1682411000,672,0.0660795307,1215.9566901555,146.6141975981
26.2065467000,673,0.0660795307,1215.9566901555,146.6141975981
26.2424147000,674,0.0660545532,1215.9566901555,146.5209088361
26.2776705000,675,0.0660545532,1215.9566901555,146.5209088361
26.3135434000,676,0.0660545532,1215.9566901555,146.5209088361
26.3543676000,677,0.0660545532,1215.9566901555,146.5209088361
26.3902343000,678,0.0660545532,1215.9566901555,146.5209088361
26.4274202000,679,0.0660545532,1215.9566901555,146.5209088361
26.4661346000,680,0.0660545532,1215.9566901555,146.5209088361
26.5018502000,681,0.0660545532,1215.9566901555,146.5209088361
26.5396755000,682,0.0660303990,1215.9566901555,146.4306950534
26.5772066000,683,0.0660303990,1215.9566901555,146.4306950534
26.6147905000,684,0.0660303990,1215.9566901555,146.4306950534
26.6503038000,685,0.0660303990,1215.9566901555,146.4306950534
26.6862679000,686,0.0660303990,1215.9566901555,146.4306950534
26.7233078000,687,0.0660303990,1215.9566901555,146.4306950534
26.7599254000,688,0.0660303990,1215.9566901555,146.4306950534
26.7984093000,689,0.0660303990,1215.9566901555,146.4306950534
26.8350702000,690,0.0660303990,1215.9566901555,146.4306950534
26.8690314000,691,0.0660303990,1215.9566901555,146.4306950534
26.9059369000,692,0.0660303990,1215.9566901555,146.4306950534
26.9384412000,693,0.0660303990,1215.9566901555,146.4306950534
26.9786228000,694,0.0660303990,1215.9566901555,146.4306950534
27.0166737000,695,0.0660303990,1215.9566901555,146.4306950534
27.0509227000,696,0.0652122602,1215.9566901555,143.3750218163
27.0842145000,697,0.0652122602,1215.9566901555,143.3750218163
27.1178408000,698,0.0652122602,1215.9566901555,143.3750218163
27.1550549000,699,0.0652122602,1215.9566901555,143.3750218163
27.1928211000,700,0.0652122602,1215.9566901555,143.3750218163
27.2292911000,701,0.0652122602,1215.9566901555,143.3750218163
27.2656295000,702,0.0652122602,1215.9566901555,143.3750218163
27.3045217000,703,0.0652122602,1215.9566901555,143.3750218163
27.3405219000,704,0.0652122602,1215.9566901555,143.3750218163
27.3778249000,705,0.0652122602,1215.9566901555,143.3750218163
27.4153094000,706,0.0652122602,1215.9566901555,143.3750218163
27.4529742000,707,0.0652122602,1215.9566901555,143.3750218163
27.4948329000,708,0.0652122602,1215.9566901555,143.3750218163
27.5326634000,709,0.0652122602,1215.9566901555,143.3750218163
27.5701773000,710,0.0652122602,1215.9566901555,143.3750218163
27.6056400000,711,0.0652122602,1215.9566901555,143.3750218163
27.6430407000,712,0.0652122602,1215.9566901555,143.3750218163
27.6823230000,713,0.0652122602,1215.9566901555,143.3750218163
27.7209457000,714,0.0651217626,1215.9566901555,143.0370218163
27.7584575000,715,0.0651217626,1215.9566901555,143.0370218163
27.7976489000,716,0.0651217626,1215.9566901555,143.0370218163
27.8377281000,717,0.0651217626,1215.9566901555,143.0370218163
27.8769383000,718,0.0651217626,1215.9566901555,143.0370218163
27.9160865000,719,0.0649380918,1215.9566901555,142.3510280947
27.9541825000,720,0.0649380918,1215.9566901555,142.3510280947
27.9954595000,721,0.0649380918,1215.9566901555,142.3510280947
28.0418093000,722,0.0648770293,1215.9566901555,142.1229652143
28.0880803000,723,0.0648770293,1215.9566901555,142.1229652143
28.1295784000,724,0.0648770293,1215.9566901555,142.1229652143
28.1693645000,725,0.0648770293,1215.9566901555,142.1229652143
28.2102227000,726,0.0648770293,1215.9566901555,142.1229652143
28.2469640000,727,0.0648770293,1215.9566901555,142.1229652143
28.2862258000,728,0.0648770293,1215.9566901555,142.1229652143
28.3238604000,729,0.0648770293,1215.9566901555,142.1229652143
28.3593601000,730,0.0648770293,1215.9566901555,142.1229652143
28.3963787000,731,0.0648770293,1215.9566901555,142.1229652143
28.4314296000,732,0.0648770293,1215.9566901555,142.1229652143
28.4706467000,733,0.0648770293,1215.9566901555,142.1229652143
28.5116734000,734,0.0648770293,1215.9566901555,142.1229652143
28.5519444000,735,0.0648770293,1215.9566901555,142.1229652143
28.5888156000,736,0.0648770293,1215.9566901555,142.1229652143
28.6301791000,737,0.0648770293,1215.9566901555,142.1229652143
28.6670574000,738,0.0648770293,1215.9566901555,142.1229652143
28.7053390000,739,0.0648770293,1215.9566901555,142.1229652143
28.7463020000,740,0.0648770293,1215.9566901555,142.1229652143
28.7870667000,741,0.0648770293,1215.9566901555,142.1229652143
28.8263291000,742,0.0648770293,1215.9566901555,142.1229652143
28.8648614000,743,0.0648770293,1215.9566901555,142.1229652143
28.9030894000,744,0.0648770293,1215.9566901555,142.1229652143
28.9409476000,745,0.0648770293,1215.9566901555,142.1229652143
28.9765656000,746,0.0648770293,1215.9566901555,142.1229652143
29.0137919000,747,0.0648770293,1215.9566901555,142.1229652143
29.0548754000,748,0.0648770293,1215.9566901555,142.1229652143
29.0924661000,749,0.0648770293,1215.9566901555,142.1229652143
29.1325335000,750,0.0648770293,1215.9566901555,142.1229652143
29.1751173000,751,0.0648770293,1215.9566901555,142.1229652143
29.2111412000,752,0.0648770293,1215.9566901555,142.1229652143
29.2506511000,753,0.0648712256,1218.3752103855,141.9020189938
29.2916792000,754,0.0648712256,1218.3752103855,141.9020189938
29.3317876000,755,0.0648712256,1218.3752103855,141.9020189938
29.3721089000,756,0.0648712256,1218.3752103855,141.9020189938
29.4104246000,757,0.0648712256,1218.3752103855,141.9020189938
29.4499709000,758,0.0648712256,1218.3752103855,141.9020189938
29.4884905000,759,0.0648712256,1218.3752103855,141.9020189938
29.5261841000,760,0.0648712256,1218.3752103855,141.9020189938
29.5635866000,761,0.0648712256,1218.3752103855,141.9020189938
29.6022407000,762,0.0648712256,1218.3752103855,141.9020189938
29.6425752000,763,0.0648712256,1218.3752103855,141.9020189938
29.6820877000,764,0.0648712256,1218.3752103855,141.9020189938
29.7195471000,765,0.0648712256,1218.3752103855,141.9020189938
29.7588182000,766,0.0648712256,1218.3752103855,141.9020189938
29.7984502000,767,0.0648712256,1218.3752103855,141.9020189938
29.8386865000,768,0.0648712256,1218.3752103855,141.9020189938
29.8770030000,769,0.0648712256,1218.3752103855,141.9020189938
29.9182672000,770,0.0648712256,1218.3752103855,141.9020189938
29.9556988000,771,0.0648712256,1218.3752103855,141.9020189938
29.9919903000,772,0.0648712256,1218.3752103855,141.9020189938
30.0301901000,773,0.0648712256,1218.3752103855,141.9020189938
30.0688413000,774,0.0648712256,1218.3752103855,141.9020189938
30.1086461000,775,0.0648712256,1218.3752103855,141.9020189938
30.1479373000,776,0.0648712256,1218.3752103855,141.9020189938
30.1850353000,777,0.0648712256,1218.3752103855,141.9020189938
30.2246644000,778,0.0648712256,1218.3752103855,141.9020189938
30.2650478000,779,0.0648186401,1218.3752103855,141.7056169622
30.2998213000,780,0.0648186401,1218.3752103855,141.7056169622
30.3402364000,781,0.0648186401,1218.3752103855,141.7056169622
30.3769177000,782,0.0648186401,1218.3752103855,141.7056169622
30.4158778000,783,0.0648186401,1218.3752103855,141.7056169622
30.4552781000,784,0.0648186401,1218.3752103855,141.7056169622
30.4934534000,785,0.0648186401,1218.3752103855,141.7056169622
30.5315633000,786,0.0648186401,1218.3752103855,141.7056169622
30.5668279000,787,0.0647894246,1215.9566901555,141.7957697352
30.6046497000,788,0.0647894246,1215.9566901555,141.7957697352
30.6403493000,789,0.0647894246,1215.9566901555,141.7957697352
30.6811103000,790,0.0647894246,1215.9566901555,141.7957697352
30.7171169000,791,0.0647894246,1215.9566901555,141.7957697352
30.7573405000,792,0.0647894246,1215.9566901555,141.7957697352
30.7987045000,793,0.0647894246,1215.9566901555,141.7957697352
30.8377036000,794,0.0647894246,1215.9566901555,141.7957697352
30.8786944000,795,0.0647894246,1215.9566901555,141.7957697352
30.9175816000,796,0.0647894246,1215.9566901555,141.7957697352
30.9583354000,797,0.0647894246,1215.9566901555,141.7957697352
31.0002573000,798,0.0647894246,1215.9566901555,141.7957697352
31.0388354000,799,0.0647814046,1215.9566901555,141.7658157670
31.0768624000,800,0.0647814046,1215.9566901555,141.7658157670
31.1133730000,801,0.0647814046,1215.9566901555,141.7658157670
31.1537043000,802,0.0641278429,1183.1565605790,142.0273363463
31.1936494000,803,0.0641278429,1183.1565605790,142.0273363463
31.2361346000,804,0.0641278429,1183.1565605790,142.0273363463
31.2753547000,805,0.0641278429,1183.1565605790,142.0273363463
31.3146401000,806,0.0641278429,1183.1565605790,142.0273363463
31.3511080000,807,0.0641278429,1183.1565605790,142.0273363463
31.3891691000,808,0.0641278429,1183.1565605790,142.0273363463
31.4237012000,809,0.0641278429,1183.1565605790,142.0273363463
31.4620347000,810,0.0641278429,1183.1565605790,142.0273363463
31.5008527000,811,0.0641278429,1183.1565605790,142.0273363463
31.5413553000,812,0.0641278429,1183.1565605790,142.0273363463
31.5745455000,813,0.0641061458,1183.1565605790,141.9462998085
31.6115357000,814,0.0641061458,1183.1565605790,141.9462998085
31.6435123000,815,0.0641061458,1183.1565605790,141.9462998085
31.6774277000,816,0.0641061458,1183.1565605790,141.9462998085
31.7112770000,817,0.0641061458,1183.1565605790,141.9462998085
31.7468430000,818,0.0641061458,1183.1565605790,141.9462998085
31.7809007000,819,0.0641061458,1183.1565605790,141.9462998085
31.8174069000,820,0.0641061458,1183.1565605790,141.9462998085
31.8525885000,821,0.0641061458,1183.1565605790,141.9462998085
31.8861956000,822,0.0641061458,1183.1565605790,141.9462998085
31.9205216000,823,0.0641061458,1183.1565605790,141.9462998085
31.9574575000,824,0.0641061458,1183.1565605790,141.9462998085
31.9953770000,825,0.0641061458,1183.1565605790,141.9462998085
32.0344484000,826,0.0641061458,1183.1565605790,141.9462998085
32.0697506000,827,0.0641061458,1183.1565605790,141.9462998085
32.1058434000,828,0.0641061458,1183.1565605790,141.9462998085
32.1411378000,829,0.0641061458,1183.1565605790,141.9462998085
32.1812997000,830,0.0641061458,1183.1565605790,141.9462998085
32.2187740000,831,0.0641061458,1183.1565605790,141.9462998085
32.2569793000,832,0.0641061458,1183.1565605790,141.9462998085
32.2904889000,833,0.0641061458,1183.1565605790,141.9462998085
32.3274434000,834,0.0641061458,1183.1565605790,141.9462998085
32.3597307000,835,0.0641061458,1183.1565605790,141.9462998085
32.3924395000,836,0.0641061458,1183.1565605790,141.9462998085
32.4269206000,837,0.0640524859,1183.1565605790,141.7458849678
32.4623006000,838,0.0640524859,1183.1565605790,141.7458849678
32.4974795000,839,0.0640524859,1183.1565605790,141.7458849678
32.5325514000,840,0.0640524859,1183.1565605790,141.7458849678
32.5673055000,841,0.0640524859,1183.1565605790,141.7458849678
32.6035428000,842,0.0640524859,1183.1565605790,141.7458849678
32.6441172000,843,0.0640524859,1183.1565605790,141.7458849678
32.6787146000,844,0.0640524859,1183.1565605790,141.7458849678
32.7110995000,845,0.0640524859,1183.1565605790,141.7458849678
32.7459390000,846,0.0639828720,1183.1565605790,141.4858832293
32.7812962000,847,0.0639828720,1183.1565605790,141.4858832293
32.8160426000,848,0.0639828720,1183.1565605790,141.4858832293
32.8537066000,849,0.0639828720,1183.1565605790,141.4858832293
32.8892332000,850,0.0639828720,1183.1565605790,141.4858832293
32.9271465000,851,0.0639394798,1183.1565605790,141.3238173316
32.9643836000,852,0.0639394798,1183.1565605790,141.3238173316
33.0006920000,853,0.0639394798,1183.1565605790,141.3238173316
33.0376370000,854,0.0639394798,1183.1565605790,141.3238173316
33.0758964000,855,0.0639394798,1183.1565605790,141.3238173316
33.1129469000,856,0.0639355190,1183.1565605790,141.3090242488
33.1466087000,857,0.0639355190,1183.1565605790,141.3090242488
33.1803232000,858,0.0639355190,1183.1565605790,141.3090242488
33.2235887000,859,0.0639355190,1183.1565605790,141.3090242488
33.2649782000,860,0.0639355190,1183.1565605790,141.3090242488
33.3030347000,861,0.0639355190,1183.1565605790,141.3090242488
33.3388461000,862,0.0639355190,1183.1565605790,141.3090242488
33.3722408000,863,0.0639355190,1183.1565605790,141.3090242488
33.4057070000,864,0.0639355190,1183.1565605790,141.3090242488
33.4443638000,865,0.0639200289,1183.1565605790,141.2511702932
33.4800783000,866,0.0639200289,1183.1565605790,141.2511702932
33.5177037000,867,0.0636037581,1183.1565605790,140.0699277197
33.5561237000,868,0.0636037581,1183.1565605790,140.0699277197
33.5921644000,869,0.0636037581,1183.1565605790,140.0699277197
33.6294984000,870,0.0636037581,1183.1565605790,140.0699277197
33.6688832000,871,0.0636037581,1183.1565605790,140.0699277197
33.7095384000,872,0.0633735114,1183.1565605790,139.2099776374
33.7463763000,873,0.0633735114,1183.1565605790,139.2099776374
33.7906907000,874,0.0633735114,1183.1565605790,139.2099776374
33.8261535000,875,0.0633735114,1183.1565605790,139.2099776374
33.8639539000,876,0.0633735114,1183.1565605790,139.2099776374
33.9003206000,877,0.0632822237,1183.1565605790,138.8690263216
33.9374388000,878,0.0632822237,1183.1565605790,138.8690263216
33.9750432000,879,0.0632822237,1183.1565605790,138.8690263216
34.0193938000,880,0.0632822237,1183.1565605790,138.8690263216
34.0676999000,881,0.0632822237,1183.1565605790,138.8690263216
34.1082146000,882,0.0632822237,1183.1565605790,138.8690263216
34.1486270000,883,0.0632822237,1183.1565605790,138.8690263216
34.1856552000,884,0.0632822237,1183.1565605790,138.8690263216
34.2246805000,885,0.0632822237,1183.1565605790,138.8690263216
34.2653754000,886,0.0632822237,1183.1565605790,138.8690263216
34.3045529000,887,0.0632429276,1183.1565605790,138.7222589332
34.3453642000,888,0.0632429276,1183.1565605790,138.7222589332
34.3809296000,889,0.0632429276,1183.1565605790,138.7222589332
34.4179462000,890,0.0632429276,1183.1565605790,138.7222589332
34.4580064000,891,0.0632429276,1183.1565605790,138.7222589332
34.4945937000,892,0.0632429276,1183.1565605790,138.7222589332
34.5323884000,893,0.0632429276,1183.1565605790,138.7222589332
34.5715208000,894,0.0632429276,1183.1565605790,138.7222589332
34.6115470000,895,0.0632429276,1183.1565605790,138.7222589332
34.6517396000,896,0.0632429276,1183.1565605790,138.7222589332
34.6938458000,897,0.0632429276,1183.1565605790,138.7222589332
34.7326229000,898,0.0632429276,1183.1565605790,138.7222589332
34.7710167000,899,0.0632429276,1183.1565605790,138.7222589332
34.8087789000,900,0.0632429276,1183.1565605790,138.7222589332
34.8497183000,901,0.0632429276,1183.1565605790,138.7222589332
34.8912371000,902,0.0631590815,1183.1565605790,138.4091014564
34.9293226000,903,0.0631590815,1183.1565605790,138.4091014564
34.9776347000,904,0.0631590815,1183.1565605790,138.4091014564
35.0140925000,905,0.0631590815,1183.1565605790,138.4091014564
35.0563816000,906,0.0631590815,1183.1565605790,138.4091014564
35.0960145000,907,0.0631590815,1183.1565605790,138.4091014564
35.1364013000,908,0.0631590815,1183.1565605790,138.4091014564
35.1757957000,909,0.0631590815,1183.1565605790,138.4091014564
35.2149061000,910,0.0631590815,1183.1565605790,138.4091014564
35.2562920000,911,0.0631590815,1183.1565605790,138.4091014564
35.2953890000,912,0.0631590815,1183.1565605790,138.4091014564
35.3378494000,913,0.0631590815,1183.1565605790,138.4091014564
35.3795275000,914,0.0631590815,1183.1565605790,138.4091014564
35.4190283000,915,0.0631339005,1183.1565605790,138.3150527922
35.4540055000,916,0.0631339005,1183.1565605790,138.3150527922
35.4916374000,917,0.0631339005,1183.1565605790,138.3150527922
35.5292113000,918,0.0631339005,1183.1565605790,138.3150527922
35.5704918000,919,0.0631339005,1183.1565605790,138.3150527922
35.6044122000,920,0.0630963472,1183.1565605790,138.1747946766
35.6412064000,921,0.0630963472,1183.1565605790,138.1747946766
35.6762407000,922,0.0630963472,1183.1565605790,138.1747946766
35.7162572000,923,0.0630963472,1183.1565605790,138.1747946766
35.7542323000,924,0.0630963472,1183.1565605790,138.1747946766
35.7907899000,925,0.0630087295,1183.1565605790,137.8475506947
35.8320593000,926,0.0630087295,1183.1565605790,137.8475506947
35.8709806000,927,0.0630087295,1183.1565605790,137.8475506947
35.9117792000,928,0.0624956884,1134.3512886698,139.9526202603
35.9505771000,929,0.0624956884,1134.3512886698,139.9526202603
35.9915143000,930,0.0624956884,1134.3512886698,139.9526202603
36.0317641000,931,0.0624956884,1134.3512886698,139.9526202603
36.0653203000,932,0.0624956884,1134.3512886698,139.9526202603
36.1023579000,933,0.0624956884,1134.3512886698,139.9526202603
36.1408650000,934,0.0624956884,1134.3512886698,139.9526202603
36.1820303000,935,0.0624899706,1134.3512886698,139.9312651478
36.2188717000,936,0.0624899706,1134.3512886698,139.9312651478
36.2554528000,937,0.0624899706,1134.3512886698,139.9312651478
36.2937032000,938,0.0624899706,1134.3512886698,139.9312651478
36.3312632000,939,0.0624899706,1134.3512886698,139.9312651478
36.3691713000,940,0.0624899706,1134.3512886698,139.9312651478
36.4067998000,941,0.0624899706,1134.3512886698,139.9312651478
36.4484461000,942,0.0624899706,1134.3512886698,139.9312651478
36.4904394000,943,0.0624899706,1134.3512886698,139.9312651478
36.5293620000,944,0.0624899706,1134.3512886698,139.9312651478
36.5759810000,945,0.0624899706,1134.3512886698,139.9312651478
36.6177041000,946,0.0624899706,1134.3512886698,139.9312651478
36.6606892000,947,0.0624899706,1134.3512886698,139.9312651478
36.7015480000,948,0.0624899706,1134.3512886698,139.9312651478
36.7413388000,949,0.0624899706,1134.3512886698,139.9312651478
36.7808897000,950,0.0624899706,1134.3512886698,139.9312651478
36.8209849000,951,0.0624899706,1134.3512886698,139.9312651478
36.8609128000,952,0.0624899706,1134.3512886698,139.9312651478
36.9063531000,953,0.0624899706,1134.3512886698,139.9312651478
36.9575668000,954,0.0624899706,1134.3512886698,139.9312651478
37.0064841000,955,0.0624899706,1134.3512886698,139.9312651478
37.0489514000,956,0.0624899706,1134.3512886698,139.9312651478
37.0913734000,957,0.0624899706,1134.3512886698,139.9312651478
37.1320013000,958,0.0624899706,1134.3512886698,139.9312651478
37.1738821000,959,0.0624899706,1134.3512886698,139.9312651478
37.2121246000,960,0.0624899706,1134.3512886698,139.9312651478
37.2516257000,961,0.0624899706,1134.3512886698,139.9312651478
37.2963406000,962,0.0624899706,1134.3512886698,139.9312651478
37.3375901000,963,0.0624899706,1134.3512886698,139.9312651478
37.3777223000,964,0.0624899706,1134.3512886698,139.9312651478
37.4196906000,965,0.0624899706,1134.3512886698,139.9312651478
37.4607851000,966,0.0624899706,1134.3512886698,139.9312651478
37.5019444000,967,0.0624433095,1134.3512886698,139.7569899983
37.5409750000,968,0.0624433095,1134.3512886698,139.7569899983
37.5780733000,969,0.0619253194,1134.3512886698,137.8223445648
37.6188527000,970,0.0619253194,1134.3512886698,137.8223445648
37.6645881000,971,0.0619253194,1134.3512886698,137.8223445648
37.7035267000,972,0.0619253194,1134.3512886698,137.8223445648
37.7420732000,973,0.0619253194,1134.3512886698,137.8223445648
37.7821374000,974,0.0619253194,1134.3512886698,137.8223445648
37.8197697000,975,0.0619253194,1134.3512886698,137.8223445648
37.8583496000,976,0.0619253194,1134.3512886698,137.8223445648
37.9008561000,977,0.0619253194,1134.3512886698,137.8223445648
37.9406614000,978,0.0619253194,1134.3512886698,137.8223445648
37.9807087000,979,0.0619253194,1134.3512886698,137.8223445648
38.0166620000,980,0.0619253194,1134.3512886698,137.8223445648
38.0571681000,981,0.0619253194,1134.3512886698,137.8223445648
38.0958531000,982,0.0619253194,1134.3512886698,137.8223445648
38.1300505000,983,0.0619253194,1134.3512886698,137.8223445648
38.1772947000,984,0.0619253194,1134.3512886698,137.8223445648
38.2260531000,985,0.0619253194,1134.3512886698,137.8223445648
38.2759093000,986,0.0619253194,1134.3512886698,137.8223445648
38.3194880000,987,0.0619253194,1134.3512886698,137.8223445648
38.3623377000,988,0.0619253194,1134.3512886698,137.8223445648
38.4045381000,989,0.0619253194,1134.3512886698,137.8223445648
38.4531936000,990,0.0619253194,1134.3512886698,137.8223445648
38.4973950000,991,0.0618816899,1134.3512886698,137.6593925966
38.5424105000,992,0.0618816899,1134.3512886698,137.6593925966
38.5777423000,993,0.0618816899,1134.3512886698,137.6593925966
38.6229527000,994,0.0618816899,1134.3512886698,137.6593925966
38.6699851000,995,0.0618816899,1134.3512886698,137.6593925966
38.7172993000,996,0.0618816899,1134.3512886698,137.6593925966
38.7544717000,997,0.0618816899,1134.3512886698,137.6593925966
38.7947512000,998,0.0618816899,1134.3512886698,137.6593925966
38.8317187000,999,0.0618816899,1134.3512886698,137.6593925966
38.8671686000,1000,0.0618816899,1134.3512886698,137.6593925966
38.9045265000,1001,0.0618816899,1134.3512886698,137.6593925966
38.9413673000,1002,0.0618816899,1134.3512886698,137.6593925966
38.9823077000,1003,0.0618816899,1134.3512886698,137.6593925966
39.0218065000,1004,0.0618816899,1134.3512886698,137.6593925966
39.0647194000,1005,0.0618322094,1134.3512886698,137.4745874236
39.1022874000,1006,0.0618034462,1134.3512886698,137.3671593414
39.1454182000,1007,0.0618034462,1134.3512886698,137.3671593414
39.1723462000,1008,0.0618034462,1134.3512886698,137.3671593414
39.2108931000,1009,0.0618034462,1134.3512886698,137.3671593414
39.2487251000,1010,0.0618034462,1134.3512886698,137.3671593414
39.2883257000,1011,0.0618034462,1134.3512886698,137.3671593414
39.3281403000,1012,0.0618034462,1134.3512886698,137.3671593414
39.3643379000,1013,0.0618034462,1134.3512886698,137.3671593414
39.3960918000,1014,0.0618034462,1134.3512886698,137.3671593414
39.4309491000,1015,0.0618034462,1134.3512886698,137.3671593414
39.4659427000,1016,0.0618034462,1134.3512886698,137.3671593414
39.4979628000,1017,0.0618034462,1134.3512886698,137.3671593414
39.5351885000,1018,0.0618034462,1134.3512886698,137.3671593414
39.5798204000,1019,0.0618034462,1134.3512886698,137.3671593414
39.6227801000,1020,0.0618034462,1134.3512886698,137.3671593414
39.6653414000,1021,0.0618034462,1134.3512886698,137.3671593414
39.7047429000,1022,0.0618034462,1134.3512886698,137.3671593414
39.7434427000,1023,0.0618034462,1134.3512886698,137.3671593414
39.7827955000,1024,0.0618034462,1134.3512886698,137.3671593414
39.8213052000,1025,0.0618034462,1134.3512886698,137.3671593414
39.8623102000,1026,0.0618034462,1134.3512886698,137.3671593414
39.9008966000,1027,0.0618034462,1134.3512886698,137.3671593414
39.9400054000,1028,0.0618034462,1134.3512886698,137.3671593414
39.9758710000,1029,0.0618034462,1134.3512886698,137.3671593414
40.0137713000,1030,0.0618034462,1134.3512886698,137.3671593414
40.0599843000,1031,0.0618034462,1134.3512886698,137.3671593414
40.1001481000,1032,0.0618008266,1134.3512886698,137.3573753204
40.1395313000,1033,0.0618008266,1134.3512886698,137.3573753204
40.1830908000,1034,0.0618008266,1134.3512886698,137.3573753204
40.2289306000,1035,0.0617905887,1134.3512886698,137.3191378465
40.2735086000,1036,0.0617905887,1134.3512886698,137.3191378465
40.3184134000,1037,0.0617905887,1134.3512886698,137.3191378465
40.3584130000,1038,0.0617905887,1134.3512886698,137.3191378465
40.3985721000,1039,0.0617905887,1134.3512886698,137.3191378465
40.4360891000,1040,0.0617905887,1134.3512886698,137.3191378465
40.4740887000,1041,0.0617905887,1134.3512886698,137.3191378465
40.5109194000,1042,0.0617905887,1134.3512886698,137.3191378465
40.5474377000,1043,0.0616969069,1134.3512886698,136.9692448282
40.5835270000,1044,0.0616969069,1134.3512886698,136.9692448282
40.6204344000,1045,0.0614859494,1134.3512886698,136.1813381489
40.6645308000,1046,0.0614859494,1134.3512886698,136.1813381489
40.7039227000,1047,0.0614859494,1134.3512886698,136.1813381489
40.7419778000,1048,0.0614859494,1134.3512886698,136.1813381489
40.7789733000,1049,0.0614859494,1134.3512886698,136.1813381489
40.8188892000,1050,0.0614859494,1134.3512886698,136.1813381489
40.8591367000,1051,0.0614859494,1134.3512886698,136.1813381489
40.8979235000,1052,0.0614859494,1134.3512886698,136.1813381489
40.9358997000,1053,0.0614859494,1134.3512886698,136.1813381489
40.9746818000,1054,0.0614859494,1134.3512886698,136.1813381489
41.0143789000,1055,0.0614859494,1134.3512886698,136.1813381489
41.0530193000,1056,0.0614859494,1134.3512886698,136.1813381489
41.0919487000,1057,0.0614859494,1134.3512886698,136.1813381489
41.1340182000,1058,0.0614859494,1134.3512886698,136.1813381489
41.1709360000,1059,0.0614859494,1134.3512886698,136.1813381489
41.2101780000,1060,0.0614859494,1134.3512886698,136.1813381489
41.2475232000,1061,0.0614859494,1134.3512886698,136.1813381489
41.2850911000,1062,0.0614859494,1134.3512886698,136.1813381489
41.3249082000,1063,0.0614859494,1134.3512886698,136.1813381489
41.3630244000,1064,0.0614859494,1134.3512886698,136.1813381489
41.4025778000,1065,0.0614859494,1134.3512886698,136.1813381489
41.4421721000,1066,0.0614859494,1134.3512886698,136.1813381489
41.4776174000,1067,0.0614859494,1134.3512886698,136.1813381489
41.5151306000,1068,0.0614859494,1134.3512886698,136.1813381489
41.5533040000,1069,0.0614859494,1134.3512886698,136.1813381489
41.5912419000,1070,0.0614859494,1134.3512886698,136.1813381489
41.6282258000,1071,0.0614859494,1134.3512886698,136.1813381489
41.6663781000,1072,0.0614859494,1134.3512886698,136.1813381489
41.7066985000,1073,0.0614715431,1134.3512886698,136.1275317309
41.7460979000,1074,0.0614715431,1134.3512886698,136.1275317309
41.7792792000,1075,0.0614715431,1134.3512886698,136.1275317309
41.8166281000,1076,0.0614715431,1134.3512886698,136.1275317309
41.8545009000,1077,0.0614715431,1134.3512886698,136.1275317309
41.8973898000,1078,0.0614715431,1134.3512886698,136.1275317309
41.9346080000,1079,0.0614715431,1134.3512886698,136.1275317309
41.9731912000,1080,0.0614715431,1134.3512886698,136.1275317309
42.0144877000,1081,0.0614715431,1134.3512886698,136.1275317309
42.0531007000,1082,0.0614715431,1134.3512886698,136.1275317309
42.0917796000,1083,0.0614715431,1134.3512886698,136.1275317309
42.1281823000,1084,0.0614588671,1134.3512886698,136.0801879946
42.1673417000,1085,0.0614588671,1134.3512886698,136.0801879946
42.2102330000,1086,0.0614588671,1134.3512886698,136.0801879946
42.2510835000,1087,0.0614588671,1134.3512886698,136.0801879946
42.2920458000,1088,0.0614588671,1134.3512886698,136.0801879946
42.3308596000,1089,0.0614588671,1134.3512886698,136.0801879946
42.3694872000,1090,0.0614588671,1134.3512886698,136.0801879946
42.4123301000,1091,0.0614588671,1134.3512886698,136.0801879946
42.4550711000,1092,0.0614588671,1134.3512886698,136.0801879946
42.4976586000,1093,0.0614588671,1134.3512886698,136.0801879946
42.5375938000,1094,0.0614546176,1134.3512886698,136.0643167439
42.5753931000,1095,0.0614534712,1134.3512886698,136.0600350704
42.6149101000,1096,0.0614534712,1134.3512886698,136.0600350704
42.6575349000,1097,0.0614534712,1134.3512886698,136.0600350704
42.6968132000,1098,0.0614534712,1134.3512886698,136.0600350704
42.7307968000,1099,0.0614534712,1134.3512886698,136.0600350704
42.7706360000,1100,0.0614421243,1134.3512886698,136.0176553920
42.8107316000,1101,0.0613330439,1134.3512886698,135.6102501520
42.8471591000,1102,0.0613330439,1134.3512886698,135.6102501520
42.8859714000,1103,0.0613330439,1134.3512886698,135.6102501520
42.9242530000,1104,0.0613330439,1134.3512886698,135.6102501520
42.9615289000,1105,0.0613330439,1134.3512886698,135.6102501520
43.0002852000,1106,0.0613330439,1134.3512886698,135.6102501520
43.0394274000,1107,0.0613330439,1134.3512886698,135.6102501520
43.0762731000,1108,0.0613330439,1134.3512886698,135.6102501520
43.1122079000,1109,0.0613330439,1134.3512886698,135.6102501520
43.1505348000,1110,0.0613330439,1134.3512886698,135.6102501520
43.1913932000,1111,0.0613330439,1134.3512886698,135.6102501520
43.2352614000,1112,0.0613330439,1134.3512886698,135.6102501520
43.2749183000,1113,0.0613330439,1134.3512886698,135.6102501520
43.3182996000,1114,0.0613330439,1134.3512886698,135.6102501520
43.3641218000,1115,0.0613330439,1134.3512886698,135.6102501520
43.3985437000,1116,0.0613330439,1134.3512886698,135.6102501520
43.4341194000,1117,0.0613330439,1134.3512886698,135.6102501520
43.4678853000,1118,0.0613205168,1134.3512886698,135.5634625837
43.5025998000,1119,0.0613205168,1134.3512886698,135.5634625837
43.5368688000,1120,0.0613205168,1134.3512886698,135.5634625837
43.5749879000,1121,0.0613205168,1134.3512886698,135.5634625837
43.6116629000,1122,0.0613205168,1134.3512886698,135.5634625837
43.6494242000,1123,0.0613205168,1134.3512886698,135.5634625837
43.6851242000,1124,0.0613205168,1134.3512886698,135.5634625837
43.7188251000,1125,0.0613205168,1134.3512886698,135.5634625837
43.7614598000,1126,0.0613205168,1134.3512886698,135.5634625837
43.7980628000,1127,0.0613205168,1134.3512886698,135.5634625837
43.8376516000,1128,0.0613205168,1134.3512886698,135.5634625837
43.8753831000,1129,0.0613205168,1134.3512886698,135.5634625837
43.9125805000,1130,0.0613185085,1134.3512886698,135.5559615543
43.9483474000,1131,0.0613185085,1134.3512886698,135.5559615543
43.9878706000,1132,0.0613040194,1132.1552886698,135.6827819457
44.0281340000,1133,0.0612928876,1134.3512886698,135.4602699365
44.0677800000,1134,0.0612928876,1134.3512886698,135.4602699365
44.1070897000,1135,0.0612928876,1134.3512886698,135.4602699365
44.1495488000,1136,0.0612928876,1134.3512886698,135.4602699365
44.1895464000,1137,0.0612928876,1134.3512886698,135.4602699365
44.2280388000,1138,0.0612928876,1134.3512886698,135.4602699365
44.2681335000,1139,0.0612928876,1134.3512886698,135.4602699365
44.3048806000,1140,0.0612928876,1134.3512886698,135.4602699365
44.3439121000,1141,0.0612928876,1134.3512886698,135.4602699365
44.3833177000,1142,0.0612928876,1134.3512886698,135.4602699365
44.4207123000,1143,0.0612928876,1134.3512886698,135.4602699365
44.4591184000,1144,0.0612928876,1134.3512886698,135.4602699365
44.4964050000,1145,0.0612928876,1134.3512886698,135.4602699365
44.5338806000,1146,0.0612928876,1134.3512886698,135.4602699365
44.5756700000,1147,0.0612928876,1134.3512886698,135.4602699365
44.6133134000,1148,0.0612928876,1134.3512886698,135.4602699365
44.6530537000,1149,0.0612928876,1134.3512886698,135.4602699365
44.6971838000,1150,0.0612325949,1134.3512886698,135.2350824245
44.7413333000,1151,0.0612325949,1134.3512886698,135.2350824245
44.7851055000,1152,0.0612325949,1134.3512886698,135.2350824245
44.8214308000,1153,0.0612325949,1134.3512886698,135.2350824245
44.8572705000,1154,0.0612325949,1134.3512886698,135.2350824245
44.8916175000,1155,0.0612325949,1134.3512886698,135.2350824245
44.9297251000,1156,0.0612325949,1134.3512886698,135.2350824245
44.9698949000,1157,0.0612325949,1134.3512886698,135.2350824245
45.0078364000,1158,0.0612325949,1134.3512886698,135.2350824245
45.0492808000,1159,0.0612325949,1134.3512886698,135.2350824245
45.0887559000,1160,0.0612325949,1134.3512886698,135.2350824245
45.1292577000,1161,0.0612325949,1134.3512886698,135.2350824245
45.1721596000,1162,0.0612325949,1134.3512886698,135.2350824245
45.2144532000,1163,0.0611897311,1134.3512886698,135.0749898672
45.2500618000,1164,0.0611897311,1134.3512886698,135.0749898672
45.2911896000,1165,0.0611897311,1134.3512886698,135.0749898672
45.3306265000,1166,0.0611897311,1134.3512886698,135.0749898672
45.3704857000,1167,0.0611897311,1134.3512886698,135.0749898672
45.4078027000,1168,0.0611897311,1134.3512886698,135.0749898672
45.4470402000,1169,0.0611897311,1134.3512886698,135.0749898672
45.4833820000,1170,0.0611897311,1134.3512886698,135.0749898672
45.5207717000,1171,0.0611897311,1134.3512886698,135.0749898672
45.5584507000,1172,0.0611897311,1134.3512886698,135.0749898672
45.5965619000,1173,0.0611897311,1134.3512886698,135.0749898672
45.6358761000,1174,0.0611897311,1134.3512886698,135.0749898672
45.6739828000,1175,0.0611897311,1134.3512886698,135.0749898672
45.7136834000,1176,0.0611664441,1134.3512886698,134.9880151165
45.7533666000,1177,0.0611664441,1134.3512886698,134.9880151165
45.7960708000,1178,0.0611664441,1134.3512886698,134.9880151165
45.8331820000,1179,0.0611664441,1134.3512886698,134.9880151165
45.8706628000,1180,0.0611664441,1134.3512886698,134.9880151165
45.9091318000,1181,0.0609307934,1134.3512886698,134.1078812554
45.9502516000,1182,0.0609307934,1134.3512886698,134.1078812554
45.9913866000,1183,0.0609307934,1134.3512886698,134.1078812554
46.0367425000,1184,0.0609307934,1134.3512886698,134.1078812554
46.0849272000,1185,0.0609307934,1134.3512886698,134.1078812554
46.1308450000,1186,0.0609307934,1134.3512886698,134.1078812554
46.1719817000,1187,0.0609307934,1134.3512886698,134.1078812554
46.2159084000,1188,0.0609307934,1134.3512886698,134.1078812554
46.2621048000,1189,0.0609307934,1134.3512886698,134.1078812554
46.3047013000,1190,0.0609307934,1134.3512886698,134.1078812554
46.3463673000,1191,0.0609307934,1134.3512886698,134.1078812554
46.3861676000,1192,0.0609307934,1134.3512886698,134.1078812554
46.4288896000,1193,0.0609307934,1134.3512886698,134.1078812554
46.4689157000,1194,0.0609307934,1134.3512886698,134.1078812554
46.5133830000,1195,0.0607061615,1134.3512886698,133.2689019995
46.5543421000,1196,0.0607061615,1134.3512886698,133.2689019995
46.5990913000,1197,0.0607061615,1134.3512886698,133.2689019995
46.6382087000,1198,0.0607061615,1134.3512886698,133.2689019995
46.6780933000,1199,0.0607061615,1134.3512886698,133.2689019995
46.7243663000,1200,0.0607061615,1134.3512886698,133.2689019995
46.7653552000,1201,0.0607061615,1134.3512886698,133.2689019995
46.8090336000,1202,0.0607061615,1134.3512886698,133.2689019995
46.8493237000,1203,0.0607061615,1134.3512886698,133.2689019995
46.8890421000,1204,0.0607061615,1134.3512886698,133.2689019995
46.9281923000,1205,0.0607061615,1134.3512886698,133.2689019995
46.9665825000,1206,0.0607061615,1134.3512886698,133.2689019995
47.0026751000,1207,0.0607061615,1134.3512886698,133.2689019995
47.0492456000,1208,0.0607061615,1134.3512886698,133.2689019995
47.0927426000,1209,0.0607061615,1134.3512886698,133.2689019995
47.1307542000,1210,0.0607061615,1134.3512886698,133.2689019995
47.1717839000,1211,0.0607061615,1134.3512886698,133.2689019995
47.2149280000,1212,0.0606615260,1134.3512886698,133.1021922953
47.2495371000,1213,0.0606615260,1134.3512886698,133.1021922953
47.2893624000,1214,0.0606615260,1134.3512886698,133.1021922953
47.3262847000,1215,0.0606517602,1134.3512886698,133.0657180627
47.3666015000,1216,0.0606517602,1134.3512886698,133.0657180627
47.4054071000,1217,0.0606517602,1134.3512886698,133.0657180627
47.4455882000,1218,0.0606517602,1134.3512886698,133.0657180627
47.4818752000,1219,0.0606517602,1134.3512886698,133.0657180627
47.5170894000,1220,0.0606517602,1134.3512886698,133.0657180627
47.5534599000,1221,0.0606517602,1134.3512886698,133.0657180627
47.5935179000,1222,0.0606517602,1134.3512886698,133.0657180627
47.6293879000,1223,0.0606517602,1134.3512886698,133.0657180627
47.6645387000,1224,0.0606517602,1134.3512886698,133.0657180627
47.7015883000,1225,0.0606517602,1134.3512886698,133.0657180627
47.7399175000,1226,0.0606517602,1134.3512886698,133.0657180627
47.7742178000,1227,0.0606517602,1134.3512886698,133.0657180627
47.8117892000,1228,0.0606517602,1134.3512886698,133.0657180627
47.8530514000,1229,0.0606517602,1134.3512886698,133.0657180627
47.8863237000,1230,0.0606517602,1134.3512886698,133.0657180627
47.9240410000,1231,0.0606517602,1134.3512886698,133.0657180627
47.9592572000,1232,0.0606517602,1134.3512886698,133.0657180627
47.9938725000,1233,0.0606517602,1134.3512886698,133.0657180627
48.0295420000,1234,0.0606517602,1134.3512886698,133.0657180627
48.0688450000,1235,0.0606517602,1134.3512886698,133.0657180627
48.1058317000,1236,0.0606517602,1134.3512886698,133.0657180627
48.1446077000,1237,0.0606517602,1134.3512886698,133.0657180627
48.1857980000,1238,0.0606517602,1134.3512886698,133.0657180627
48.2237441000,1239,0.0606517602,1134.3512886698,133.0657180627
48.2631370000,1240,0.0606517602,1134.3512886698,133.0657180627
48.3033266000,1241,0.0606517602,1134.3512886698,133.0657180627
48.3405151000,1242,0.0606517602,1134.3512886698,133.0657180627
48.3808744000,1243,0.0606517602,1134.3512886698,133.0657180627
48.4200115000,1244,0.0606517602,1134.3512886698,133.0657180627
48.4602172000,1245,0.0606517602,1134.3512886698,133.0657180627
48.5001350000,1246,0.0606517602,1134.3512886698,133.0657180627
48.5398503000,1247,0.0606517602,1134.3512886698,133.0657180627
48.5805348000,1248,0.0606517602,1134.3512886698,133.0657180627
48.6173322000,1249,0.0606517602,1134.3512886698,133.0657180627
48.6548809000,1250,0.0606517602,1134.3512886698,133.0657180627
48.6869571000,1251,0.0606517602,1134.3512886698,133.0657180627
48.7204911000,1252,0.0606517602,1134.3512886698,133.0657180627
48.7526511000,1253,0.0606517602,1134.3512886698,133.0657180627
48.7867374000,1254,0.0606517602,1134.3512886698,133.0657180627
48.8225573000,1255,0.0606517602,1134.3512886698,133.0657180627
48.8565355000,1256,0.0606517602,1134.3512886698,133.0657180627
48.8890683000,1257,0.0606147836,1134.3512886698,132.9276138600
48.9229968000,1258,0.0606147836,1134.3512886698,132.9276138600
48.9557644000,1259,0.0606147836,1134.3512886698,132.9276138600
48.9917638000,1260,0.0606147836,1134.3512886698,132.9276138600
49.0257887000,1261,0.0606147836,1134.3512886698,132.9276138600
49.0601266000,1262,0.0606147836,1134.3512886698,132.9276138600
49.0934758000,1263,0.0606147836,1134.3512886698,132.9276138600
49.1243508000,1264,0.0606147836,1134.3512886698,132.9276138600
49.1602755000,1265,0.0606147836,1134.3512886698,132.9276138600
49.1930152000,1266,0.0606147836,1134.3512886698,132.9276138600
49.2248224000,1267,0.0606147836,1134.3512886698,132.9276138600
49.2594550000,1268,0.0606147836,1134.3512886698,132.9276138600
49.2958166000,1269,0.0606147836,1134.3512886698,132.9276138600
49.3285540000,1270,0.0606147836,1134.3512886698,132.9276138600
49.3622183000,1271,0.0606147836,1134.3512886698,132.9276138600
49.3956159000,1272,0.0606147836,1134.3512886698,132.9276138600
49.4283214000,1273,0.0606147836,1134.3512886698,132.9276138600
49.4648049000,1274,0.0606147836,1134.3512886698,132.9276138600
49.4958129000,1275,0.0606147836,1134.3512886698,132.9276138600
49.5304174000,1276,0.0606147836,1134.3512886698,132.9276138600
49.5644115000,1277,0.0606147836,1134.3512886698,132.9276138600
49.6045046000,1278,0.0606147836,1134.3512886698,132.9276138600
49.6381529000,1279,0.0606147836,1134.3512886698,132.9276138600
49.6695517000,1280,0.0606147836,1134.3512886698,132.9276138600
49.7047475000,1281,0.0606147836,1134.3512886698,132.9276138600
49.7363617000,1282,0.0606147836,1134.3512886698,132.9276138600
49.7684911000,1283,0.0606147836,1134.3512886698,132.9276138600
49.8008936000,1284,0.0606147836,1134.3512886698,132.9276138600
49.8393900000,1285,0.0606147836,1134.3512886698,132.9276138600
49.8658142000,1286,0.0606147836,1134.3512886698,132.9276138600
49.9037791000,1287,0.0606147836,1134.3512886698,132.9276138600
49.9305415000,1288,0.0606147836,1134.3512886698,132.9276138600
49.9698891000,1289,0.0606147836,1134.3512886698,132.9276138600
50.0085750000,1290,0.0606147836,1134.3512886698,132.9276138600
50.0455334000,1291,0.0606147836,1134.3512886698,132.9276138600
50.0799177000,1292,0.0606147836,1134.3512886698,132.9276138600
50.1130039000,1293,0.0605881778,1134.3512886698,132.8282437048
50.1467204000,1294,0.0605022002,1134.3512886698,132.5071250967
50.1801411000,1295,0.0605022002,1134.3512886698,132.5071250967
50.2133306000,1296,0.0605022002,1134.3512886698,132.5071250967
50.2485677000,1297,0.0605022002,1134.3512886698,132.5071250967
50.2786503000,1298,0.0605022002,1134.3512886698,132.5071250967
50.3112507000,1299,0.0605022002,1134.3512886698,132.5071250967
50.3418323000,1300,0.0605022002,1134.3512886698,132.5071250967
50.3748722000,1301,0.0605022002,1134.3512886698,132.5071250967
50.4087635000,1302,0.0605022002,1134.3512886698,132.5071250967
50.4413566000,1303,0.0605022002,1134.3512886698,132.5071250967
50.4697590000,1304,0.0605022002,1134.3512886698,132.5071250967
50.5010310000,1305,0.0605022002,1134.3512886698,132.5071250967
50.5329983000,1306,0.0605022002,1134.3512886698,132.5071250967
50.5621817000,1307,0.0605022002,1134.3512886698,132.5071250967
50.5927769000,1308,0.0605022002,1134.3512886698,132.5071250967
50.6251755000,1309,0.0605022002,1134.3512886698,132.5071250967
50.6573397000,1310,0.0605022002,1134.3512886698,132.5071250967
50.6923588000,1311,0.0605022002,1134.3512886698,132.5071250967
50.7274103000,1312,0.0605022002,1134.3512886698,132.5071250967
50.7637624000,1313,0.0605022002,1134.3512886698,132.5071250967
50.7963619000,1314,0.0605022002,1134.3512886698,132.5071250967
50.8297599000,1315,0.0605022002,1134.3512886698,132.5071250967
50.8634247000,1316,0.0605022002,1134.3512886698,132.5071250967
50.8967631000,1317,0.0604091636,1134.3512886698,132.1596420418
50.9296762000,1318,0.0604091636,1134.3512886698,132.1596420418
50.9623737000,1319,0.0604091636,1134.3512886698,132.1596420418
50.9930017000,1320,0.0604091636,1134.3512886698,132.1596420418
51.0229792000,1321,0.0604091636,1134.3512886698,132.1596420418
51.0545169000,1322,0.0604091636,1134.3512886698,132.1596420418
51.0880402000,1323,0.0604091636,1134.3512886698,132.1596420418
51.1145013000,1324,0.0604091636,1134.3512886698,132.1596420418
51.1432893000,1325,0.0604015603,1134.3512886698,132.1312444087
51.1761359000,1326,0.0604015603,1134.3512886698,132.1312444087
51.2080661000,1327,0.0604015603,1134.3512886698,132.1312444087
51.2405113000,1328,0.0604015603,1134.3512886698,132.1312444087
51.2704166000,1329,0.0604015603,1134.3512886698,132.1312444087
51.3035462000,1330,0.0604015603,1134.3512886698,132.1312444087
51.3334741000,1331,0.0604015603,1134.3512886698,132.1312444087
51.3645433000,1332,0.0604015603,1134.3512886698,132.1312444087
51.3961079000,1333,0.0604015603,1134.3512886698,132.1312444087
51.4266908000,1334,0.0603635821,1134.3512886698,131.9893992729
51.4571034000,1335,0.0603394353,1134.3512886698,131.8992132585
51.4879279000,1336,0.0603394353,1134.3512886698,131.8992132585
51.5209459000,1337,0.0603394353,1134.3512886698,131.8992132585
51.5561223000,1338,0.0603394353,1134.3512886698,131.8992132585
51.5860532000,1339,0.0603394353,1134.3512886698,131.8992132585
51.6138221000,1340,0.0603023858,1134.3512886698,131.7608366937
51.6441363000,1341,0.0603023858,1134.3512886698,131.7608366937
51.6763370000,1342,0.0603023858,1134.3512886698,131.7608366937
51.7069210000,1343,0.0603023858,1134.3512886698,131.7608366937
51.7354402000,1344,0.0603023858,1134.3512886698,131.7608366937
51.7648402000,1345,0.0603023858,1134.3512886698,131.7608366937
51.7963260000,1346,0.0603023858,1134.3512886698,131.7608366937
51.8290990000,1347,0.0603023858,1134.3512886698,131.7608366937
51.8607221000,1348,0.0603023858,1134.3512886698,131.7608366937
51.8920408000,1349,0.0602448370,1134.3512886698,131.5458971198
51.9207136000,1350,0.0602448370,1134.3512886698,131.5458971198
51.9536350000,1351,0.0602448370,1134.3512886698,131.5458971198
51.9941238000,1352,0.0602448370,1134.3512886698,131.5458971198
52.0369211000,1353,0.0602448370,1134.3512886698,131.5458971198
52.0733022000,1354,0.0602448370,1134.3512886698,131.5458971198
52.1118446000,1355,0.0602448370,1134.3512886698,131.5458971198
52.1501158000,1356,0.0602448370,1134.3512886698,131.5458971198
52.1883072000,1357,0.0602448370,1134.3512886698,131.5458971198
52.2258126000,1358,0.0602226110,1134.3512886698,131.4628850378
52.2611450000,1359,0.0602226110,1134.3512886698,131.4628850378
52.2964047000,1360,0.0602226110,1134.3512886698,131.4628850378
52.3295745000,1361,0.0602226110,1134.3512886698,131.4628850378
52.3653618000,1362,0.0602226110,1134.3512886698,131.4628850378
52.4009975000,1363,0.0602226110,1134.3512886698,131.4628850378
52.4366130000,1364,0.0602226110,1134.3512886698,131.4628850378
52.4830278000,1365,0.0602226110,1134.3512886698,131.4628850378
52.5278091000,1366,0.0602226110,1134.3512886698,131.4628850378
52.5683445000,1367,0.0602204167,1134.3512886698,131.4546898923
52.6034682000,1368,0.0602204167,1134.3512886698,131.4546898923
52.6381088000,1369,0.0602204167,1134.3512886698,131.4546898923
52.6759206000,1370,0.0601920360,1134.3512886698,131.3486905427
52.7135528000,1371,0.0601920360,1134.3512886698,131.3486905427
52.7490643000,1372,0.0601920360,1134.3512886698,131.3486905427
52.7834069000,1373,0.0601920360,1134.3512886698,131.3486905427
52.8180262000,1374,0.0601677657,1134.3512886698,131.2580428796
52.8544088000,1375,0.0601677657,1134.3512886698,131.2580428796
52.8892204000,1376,0.0601260287,1134.3512886698,131.1021592639
52.9209676000,1377,0.0601260287,1134.3512886698,131.1021592639
52.9550033000,1378,0.0601260287,1134.3512886698,131.1021592639
52.9909801000,1379,0.0601260287,1134.3512886698,131.1021592639
53.0253579000,1380,0.0601260287,1134.3512886698,131.1021592639
53.0589533000,1381,0.0601260287,1134.3512886698,131.1021592639
53.0922588000,1382,0.0601260287,1134.3512886698,131.1021592639
53.1286883000,1383,0.0601260287,1134.3512886698,131.1021592639
53.1654573000,1384,0.0601260287,1134.3512886698,131.1021592639
53.1981337000,1385,0.0601260287,1134.3512886698,131.1021592639
53.2345286000,1386,0.0601260287,1134.3512886698,131.1021592639
53.2682978000,1387,0.0600163140,1134.3512886698,130.6923850694
53.2982083000,1388,0.0600163140,1134.3512886698,130.6923850694
53.3284812000,1389,0.0600163140,1134.3512886698,130.6923850694
53.3623112000,1390,0.0600163140,1134.3512886698,130.6923850694
53.3952242000,1391,0.0600163140,1134.3512886698,130.6923850694
53.4296084000,1392,0.0600163140,1134.3512886698,130.6923850694
53.4629677000,1393,0.0600163140,1134.3512886698,130.6923850694
53.4961810000,1394,0.0600163140,1134.3512886698,130.6923850694
53.5258374000,1395,0.0600163140,1134.3512886698,130.6923850694
53.5573601000,1396,0.0600163140,1134.3512886698,130.6923850694
53.5874309000,1397,0.0600163140,1134.3512886698,130.6923850694
53.6174199000,1398,0.0600163140,1134.3512886698,130.6923850694
53.6478557000,1399,0.0600163140,1134.3512886698,130.6923850694
53.6783444000,1400,0.0600163140,1134.3512886698,130.6923850694
53.7090846000,1401,0.0600163140,1134.3512886698,130.6923850694
53.7399196000,1402,0.0600163140,1134.3512886698,130.6923850694
53.7717920000,1403,0.0600163140,1134.3512886698,130.6923850694
53.7998894000,1404,0.0600163140,1134.3512886698,130.6923850694
53.8293207000,1405,0.0600163140,1134.3512886698,130.6923850694
53.8595063000,1406,0.0600163140,1134.3512886698,130.6923850694
53.8893438000,1407,0.0600163140,1134.3512886698,130.6923850694
53.9163109000,1408,0.0600163140,1134.3512886698,130.6923850694
53.9468525000,1409,0.0600163140,1134.3512886698,130.6923850694
53.9733469000,1410,0.0600163140,1134.3512886698,130.6923850694
54.0051777000,1411,0.0600163140,1134.3512886698,130.6923850694
54.0345776000,1412,0.0600163140,1134.3512886698,130.6923850694
54.0673021000,1413,0.0600163140,1134.3512886698,130.6923850694
54.1000831000,1414,0.0600163140,1134.3512886698,130.6923850694
54.1312780000,1415,0.0600163140,1134.3512886698,130.6923850694
54.1613807000,1416,0.0600163140,1134.3512886698,130.6923850694
54.1930919000,1417,0.0600163140,1134.3512886698,130.6923850694
54.2219279000,1418,0.0600163140,1134.3512886698,130.6923850694
54.2547202000,1419,0.0600163140,1134.3512886698,130.6923850694
54.2854874000,1420,0.0600163140,1134.3512886698,130.6923850694
54.3174333000,1421,0.0600163140,1134.3512886698,130.6923850694
54.3509465000,1422,0.0600163140,1134.3512886698,130.6923850694
54.3797085000,1423,0.0600163140,1134.3512886698,130.6923850694
54.4089043000,1424,0.0600163140,1134.3512886698,130.6923850694
54.4418360000,1425,0.0600163140,1134.3512886698,130.6923850694
54.4721932000,1426,0.0600163140,1134.3512886698,130.6923850694
54.5003392000,1427,0.0600163140,1134.3512886698,130.6923850694
54.5302717000,1428,0.0600163140,1134.3512886698,130.6923850694
54.5619013000,1429,0.0600163140,1134.3512886698,130.6923850694
54.5927374000,1430,0.0600163140,1134.3512886698,130.6923850694
54.6237795000,1431,0.0600163140,1134.3512886698,130.6923850694
54.6574581000,1432,0.0600163140,1134.3512886698,130.6923850694
54.6867857000,1433,0.0600163140,1134.3512886698,130.6923850694
54.7194823000,1434,0.0600163140,1134.3512886698,130.6923850694
54.7497256000,1435,0.0600163140,1134.3512886698,130.6923850694
54.7790588000,1436,0.0598926495,1127.8653669227,130.7649062284
54.8086454000,1437,0.0598926495,1127.8653669227,130.7649062284
54.8358489000,1438,0.0598926495,1127.8653669227,130.7649062284
54.8693175000,1439,0.0598926495,1127.8653669227,130.7649062284
54.8987109000,1440,0.0598926495,1127.8653669227,130.7649062284
54.9324330000,1441,0.0598926495,1127.8653669227,130.7649062284
54.9605358000,1442,0.0598926495,1127.8653669227,130.7649062284
54.9893407000,1443,0.0598926495,1127.8653669227,130.7649062284
55.0174921000,1444,0.0598926495,1127.8653669227,130.7649062284
55.0484559000,1445,0.0598926495,1127.8653669227,130.7649062284
55.0832058000,1446,0.0598926495,1127.8653669227,130.7649062284
55.1162283000,1447,0.0598926495,1127.8653669227,130.7649062284
55.1460137000,1448,0.0598926495,1127.8653669227,130.7649062284
55.1773507000,1449,0.0598926495,1127.8653669227,130.7649062284
55.2134344000,1450,0.0598926495,1127.8653669227,130.7649062284
55.2486851000,1451,0.0598926495,1127.8653669227,130.7649062284
55.2815446000,1452,0.0598926495,1127.8653669227,130.7649062284
55.3104953000,1453,0.0598926495,1127.8653669227,130.7649062284
55.3442038000,1454,0.0598926495,1127.8653669227,130.7649062284
55.3712184000,1455,0.0598926495,1127.8653669227,130.7649062284
55.4024718000,1456,0.0598926495,1127.8653669227,130.7649062284
55.4350298000,1457,0.0598926495,1127.8653669227,130.7649062284
55.4666319000,1458,0.0598926495,1127.8653669227,130.7649062284
55.4955248000,1459,0.0598926495,1127.8653669227,130.7649062284
55.5251580000,1460,0.0598926495,1127.8653669227,130.7649062284
55.5557550000,1461,0.0598926495,1127.8653669227,130.7649062284
55.5881941000,1462,0.0598926495,1127.8653669227,130.7649062284
55.6213364000,1463,0.0598926495,1127.8653669227,130.7649062284
55.6536127000,1464,0.0598926495,1127.8653669227,130.7649062284
55.6896847000,1465,0.0598926495,1127.8653669227,130.7649062284
55.7203262000,1466,0.0598926495,1127.8653669227,130.7649062284
55.7520578000,1467,0.0598926495,1127.8653669227,130.7649062284
55.7843570000,1468,0.0598926495,1127.8653669227,130.7649062284
55.8203291000,1469,0.0598926495,1127.8653669227,130.7649062284
55.8546610000,1470,0.0598926495,1127.8653669227,130.7649062284
55.8833931000,1471,0.0598926495,1127.8653669227,130.7649062284
55.9159642000,1472,0.0598926495,1127.8653669227,130.7649062284
55.9464170000,1473,0.0598926495,1127.8653669227,130.7649062284
55.9787422000,1474,0.0598926495,1127.8653669227,130.7649062284
56.0097099000,1475,0.0598926495,1127.8653669227,130.7649062284
56.0430995000,1476,0.0598926495,1127.8653669227,130.7649062284
56.0781986000,1477,0.0598926495,1127.8653669227,130.7649062284
56.1134196000,1478,0.0598926495,1127.8653669227,130.7649062284
56.1473702000,1479,0.0598926495,1127.8653669227,130.7649062284
56.1801491000,1480,0.0598926495,1127.8653669227,130.7649062284
56.2168811000,1481,0.0598926495,1127.8653669227,130.7649062284
56.2484441000,1482,0.0598926495,1127.8653669227,130.7649062284
56.2872957000,1483,0.0598926495,1127.8653669227,130.7649062284
56.3234748000,1484,0.0598926495,1127.8653669227,130.7649062284
56.3614966000,1485,0.0598926495,1127.8653669227,130.7649062284
56.3985249000,1486,0.0598926495,1127.8653669227,130.7649062284
56.4306632000,1487,0.0598926495,1127.8653669227,130.7649062284
56.4641181000,1488,0.0598926495,1127.8653669227,130.7649062284
56.4928274000,1489,0.0598748327,1127.8653669227,130.6983621481
56.5254931000,1490,0.0598748327,1127.8653669227,130.6983621481
56.5544958000,1491,0.0598748327,1127.8653669227,130.6983621481
56.5854304000,1492,0.0598748327,1127.8653669227,130.6983621481
56.6178035000,1493,0.0598748327,1127.8653669227,130.6983621481
56.6436776000,1494,0.0598748327,1127.8653669227,130.6983621481
56.6737369000,1495,0.0598748327,1127.8653669227,130.6983621481
56.7028131000,1496,0.0598748327,1127.8653669227,130.6983621481
56.7375683000,1497,0.0598748327,1127.8653669227,130.6983621481
56.7688665000,1498,0.0598748327,1127.8653669227,130.6983621481
56.7988223000,1499,0.0598748327,1127.8653669227,130.6983621481
56.8278315000,1500,0.0598504755,1127.8653669227,130.6073902457
56.8592962000,1501,0.0598504755,1127.8653669227,130.6073902457
56.8913123000,1502,0.0598504755,1127.8653669227,130.6073902457
56.9218762000,1503,0.0598504755,1127.8653669227,130.6073902457
56.9525424000,1504,0.0598504755,1127.8653669227,130.6073902457
56.9820012000,1505,0.0598504755,1127.8653669227,130.6073902457
57.0115874000,1506,0.0598504755,1127.8653669227,130.6073902457
57.0405295000,1507,0.0596178453,1127.8653669227,129.7385378669
57.0737589000,1508,0.0596178453,1127.8653669227,129.7385378669
57.1052211000,1509,0.0596178453,1127.8653669227,129.7385378669
57.1328604000,1510,0.0596178453,1127.8653669227,129.7385378669
57.1667075000,1511,0.0596178453,1127.8653669227,129.7385378669
57.1985202000,1512,0.0596178453,1127.8653669227,129.7385378669
57.2290375000,1513,0.0596178453,1127.8653669227,129.7385378669
57.2674373000,1514,0.0596178453,1127.8653669227,129.7385378669
57.3011269000,1515,0.0596178453,1127.8653669227,129.7385378669
57.3376297000,1516,0.0596178453,1127.8653669227,129.7385378669
57.3700073000,1517,0.0596178453,1127.8653669227,129.7385378669
57.4075804000,1518,0.0596178453,1127.8653669227,129.7385378669
57.4365245000,1519,0.0596178453,1127.8653669227,129.7385378669
57.4692913000,1520,0.0596178453,1127.8653669227,129.7385378669
57.5009577000,1521,0.0596178453,1127.8653669227,129.7385378669
57.5362261000,1522,0.0596178453,1127.8653669227,129.7385378669
57.5720089000,1523,0.0596178453,1127.8653669227,129.7385378669
57.6048263000,1524,0.0596178453,1127.8653669227,129.7385378669
57.6406709000,1525,0.0596178453,1127.8653669227,129.7385378669
57.6761518000,1526,0.0596178453,1127.8653669227,129.7385378669
57.7109264000,1527,0.0596178453,1127.8653669227,129.7385378669
57.7437541000,1528,0.0596178453,1127.8653669227,129.7385378669
57.7792910000,1529,0.0596178453,1127.8653669227,129.7385378669
57.8130467000,1530,0.0596178453,1127.8653669227,129.7385378669
57.8469454000,1531,0.0596178453,1127.8653669227,129.7385378669
57.8840994000,1532,0.0596178453,1127.8653669227,129.7385378669
57.9194594000,1533,0.0596178453,1127.8653669227,129.7385378669
57.9527537000,1534,0.0596178453,1127.8653669227,129.7385378669
57.9894981000,1535,0.0596178453,1127.8653669227,129.7385378669
58.0257306000,1536,0.0596178453,1127.8653669227,129.7385378669
58.0578419000,1537,0.0596178453,1127.8653669227,129.7385378669
58.0915835000,1538,0.0596178453,1127.8653669227,129.7385378669
58.1291277000,1539,0.0596178453,1127.8653669227,129.7385378669
58.1642844000,1540,0.0596178453,1127.8653669227,129.7385378669
58.1989962000,1541,0.0596051927,1127.8653669227,129.6912817026
58.2316670000,1542,0.0595621357,1127.8653669227,129.5304678398
58.2641667000,1543,0.0595621357,1127.8653669227,129.5304678398
58.2978204000,1544,0.0595621357,1127.8653669227,129.5304678398
58.3294184000,1545,0.0595621357,1127.8653669227,129.5304678398
58.3638651000,1546,0.0595621357,1127.8653669227,129.5304678398
58.3956550000,1547,0.0595621357,1127.8653669227,129.5304678398
58.4319535000,1548,0.0595621357,1127.8653669227,129.5304678398
58.4625830000,1549,0.0595621357,1127.8653669227,129.5304678398
58.4959001000,1550,0.0595621357,1127.8653669227,129.5304678398
58.5283910000,1551,0.0595621357,1127.8653669227,129.5304678398
58.5610240000,1552,0.0595621357,1127.8653669227,129.5304678398
58.5968145000,1553,0.0595621357,1127.8653669227,129.5304678398
58.6331879000,1554,0.0595621357,1127.8653669227,129.5304678398
58.6665856000,1555,0.0595621357,1127.8653669227,129.5304678398
58.6977386000,1556,0.0595621357,1127.8653669227,129.5304678398
58.7352805000,1557,0.0594881044,1127.8653669227,129.2539676134
58.7673811000,1558,0.0594881044,1127.8653669227,129.2539676134
58.8016324000,1559,0.0594881044,1127.8653669227,129.2539676134
58.8319944000,1560,0.0590485931,1127.7062458717,127.6255438954
58.8634113000,1561,0.0590485931,1127.7062458717,127.6255438954
58.8960415000,1562,0.0590485931,1127.7062458717,127.6255438954
58.9298177000,1563,0.0590485931,1127.7062458717,127.6255438954
58.9687311000,1564,0.0590485931,1127.7062458717,127.6255438954
59.0069402000,1565,0.0590485931,1127.7062458717,127.6255438954
59.0420582000,1566,0.0590485931,1127.7062458717,127.6255438954
59.0784123000,1567,0.0590485931,1127.7062458717,127.6255438954
59.1136539000,1568,0.0590485931,1127.7062458717,127.6255438954
59.1519768000,1569,0.0590485931,1127.7062458717,127.6255438954
59.1918025000,1570,0.0590485931,1127.7062458717,127.6255438954
59.2282211000,1571,0.0590485931,1127.7062458717,127.6255438954
59.2642439000,1572,0.0590485931,1127.7062458717,127.6255438954
59.2974602000,1573,0.0590485931,1127.7062458717,127.6255438954
59.3326940000,1574,0.0590485931,1127.7062458717,127.6255438954
59.3710792000,1575,0.0590485931,1127.7062458717,127.6255438954
59.4073657000,1576,0.0590429773,1127.7062458717,127.6045693119
59.4411174000,1577,0.0590429773,1127.7062458717,127.6045693119
59.4779736000,1578,0.0590429773,1127.7062458717,127.6045693119
59.5156594000,1579,0.0590429773,1127.7062458717,127.6045693119
59.5497022000,1580,0.0590429773,1127.7062458717,127.6045693119
59.5864205000,1581,0.0590429773,1127.7062458717,127.6045693119
59.6200982000,1582,0.0590429773,1127.7062458717,127.6045693119
59.6533707000,1583,0.0590429773,1127.7062458717,127.6045693119
59.6879279000,1584,0.0590429773,1127.7062458717,127.6045693119
59.7212445000,1585,0.0590429773,1127.7062458717,127.6045693119
59.7544998000,1586,0.0590180554,1127.7062458717,127.5114882787
59.7882575000,1587,0.0590180554,1127.7062458717,127.5114882787
59.8206715000,1588,0.0590180554,1127.7062458717,127.5114882787
59.8534054000,1589,0.0590180554,1127.7062458717,127.5114882787
59.8922738000,1590,0.0590180554,1127.7062458717,127.5114882787
59.9277093000,1591,0.0590180554,1127.7062458717,127.5114882787
59.9630602000,1592,0.0590180554,1127.7062458717,127.5114882787
59.9958912000,1593,0.0590180554,1127.7062458717,127.5114882787
60.0303924000,1594,0.0590180554,1127.7062458717,127.5114882787
