gen,offload_GA,offload_DE,offload_BITFLIP,offload_RESAMPLE,seq_GA,seq_SWAP,seq_VNS,seq_RESAMPLE,dev_DE,dev_GDE,dev_LEVY,dev_RESAMPLE,overall_GA,overall_DE,overall_GDE,overall_BITFLIP,overall_SWAP,overall_VNS,overall_LEVY,overall_RESAMPLE
50,0.0275,0.86,0.1025,0.01,0.34,0.6025,0.04,0.0175,0.445,0.505,0.03,0.02,0.1225,0.435,0.168333,0.0341667,0.200833,0.0133333,0.01,0.0158333
100,0.0075,0.865,0.1225,0.005,0.9025,0.065,0.03,0.0025,0.8625,0.1175,0.0175,0.0025,0.303333,0.575833,0.0391667,0.0408333,0.0216667,0.01,0.00583333,0.00333333
150,0,0.8275,0.16,0.0125,0.8475,0.0775,0.0725,0.0025,0.665,0.24,0.095,0,0.2825,0.4975,0.08,0.0533333,0.0258333,0.0241667,0.0316667,0.005
200,0.015,0.83,0.1525,0.0025,0.5575,0.2075,0.2325,0.0025,0.5525,0.3375,0.11,0,0.190833,0.460833,0.1125,0.0508333,0.0691667,0.0775,0.0366667,0.00166667
250,0.0125,0.76,0.175,0.0525,0.49,0.1,0.41,0,0.1975,0.565,0.2375,0,0.1675,0.319167,0.188333,0.0583333,0.0333333,0.136667,0.0791667,0.0175
300,0,0.9225,0.025,0.0525,0.13,0.0725,0.7975,0,0.1875,0.6025,0.21,0,0.0433333,0.37,0.200833,0.00833333,0.0241667,0.265833,0.07,0.0175
350,0.005,0.9825,0.0125,0,0.225,0.0425,0.7325,0,0.055,0.765,0.18,0,0.0766667,0.345833,0.255,0.00416667,0.0141667,0.244167,0.06,0
400,0.005,0.99,0.005,0,0.22,0.03,0.7475,0.0025,0.255,0.5725,0.1725,0,0.075,0.415,0.190833,0.00166667,0.01,0.249167,0.0575,0.000833333
450,0.005,0.9675,0.0225,0.005,0.595,0.005,0.39,0.01,0.335,0.5325,0.1325,0,0.2,0.434167,0.1775,0.0075,0.00166667,0.13,0.0441667,0.005
500,0,0.9875,0.0125,0,0.335,0.065,0.5975,0.0025,0.4575,0.3125,0.23,0,0.111667,0.481667,0.104167,0.00416667,0.0216667,0.199167,0.0766667,0.000833333
550,0.0025,0.93,0.0675,0,0.2025,0.22,0.5725,0.005,0.3225,0.4575,0.21,0.01,0.0683333,0.4175,0.1525,0.0225,0.0733333,0.190833,0.07,0.005
600,0,0.9425,0.0575,0,0.1975,0.1275,0.675,0,0.105,0.6675,0.2275,0,0.0658333,0.349167,0.2225,0.0191667,0.0425,0.225,0.0758333,0
650,0.005,0.975,0.02,0,0.15,0.03,0.8175,0.0025,0.4075,0.4475,0.1375,0.0075,0.0516667,0.460833,0.149167,0.00666667,0.01,0.2725,0.0458333,0.00333333
700,0.0125,0.965,0.0225,0,0.165,0.06,0.775,0,0.32,0.515,0.1625,0.0025,0.0591667,0.428333,0.171667,0.0075,0.02,0.258333,0.0541667,0.000833333
750,0.0025,0.99,0.005,0.0025,0.145,0.0075,0.8425,0.005,0.595,0.2275,0.1775,0,0.0491667,0.528333,0.0758333,0.00166667,0.0025,0.280833,0.0591667,0.0025
800,0.0075,0.9925,0,0,0.275,0.055,0.6675,0.0025,0.735,0.1275,0.09,0.0475,0.0941667,0.575833,0.0425,0,0.0183333,0.2225,0.03,0.0166667
850,0.005,0.85,0.1425,0.0025,0.235,0.2575,0.505,0.0025,0.4375,0.3125,0.2225,0.0275,0.08,0.429167,0.104167,0.0475,0.0858333,0.168333,0.0741667,0.0108333
900,0.01,0.9525,0.035,0.0025,0.4675,0.2,0.33,0.0025,0.5725,0.265,0.1225,0.04,0.159167,0.508333,0.0883333,0.0116667,0.0666667,0.11,0.0408333,0.015
950,0.0025,0.8475,0.15,0,0.2075,0.2325,0.56,0,0.31,0.5175,0.1725,0,0.07,0.385833,0.1725,0.05,0.0775,0.186667,0.0575,0
1000,0.005,0.99,0,0.005,0.47,0.0575,0.47,0.0025,0.78,0.1375,0.06,0.0225,0.158333,0.59,0.0458333,0,0.0191667,0.156667,0.02,0.01
1050,0.0075,0.94,0.0525,0,0.25,0.0425,0.705,0.0025,0.5325,0.33,0.1225,0.015,0.0858333,0.490833,0.11,0.0175,0.0141667,0.235,0.0408333,0.00583333
1100,0.0025,0.99,0.005,0.0025,0.4625,0.0175,0.52,0,0.505,0.36,0.12,0.015,0.155,0.498333,0.12,0.00166667,0.00583333,0.173333,0.04,0.00583333
1150,0,0.99,0.0025,0.0075,0.365,0.0025,0.6175,0.015,0.7925,0.12,0.035,0.0525,0.121667,0.594167,0.04,0.000833333,0.000833333,0.205833,0.0116667,0.025
1200,0.01,0.9725,0.005,0.0125,0.3275,0.0025,0.6675,0.0025,0.665,0.2125,0.0775,0.045,0.1125,0.545833,0.0708333,0.00166667,0.000833333,0.2225,0.0258333,0.02
1250,0.0025,0.9875,0.0075,0.0025,0.3475,0.0025,0.6425,0.0075,0.64,0.2175,0.1,0.0425,0.116667,0.5425,0.0725,0.0025,0.000833333,0.214167,0.0333333,0.0175
1300,0.005,0.84,0.1525,0.0025,0.27,0.0625,0.6625,0.005,0.56,0.2475,0.17,0.0225,0.0916667,0.466667,0.0825,0.0508333,0.0208333,0.220833,0.0566667,0.01
1350,0,0.995,0.005,0,0.31,0.1,0.5825,0.0075,0.6425,0.1975,0.095,0.065,0.103333,0.545833,0.0658333,0.00166667,0.0333333,0.194167,0.0316667,0.0241667
1400,0,0.8925,0.1025,0.005,0.1125,0.1225,0.7625,0.0025,0.4225,0.44,0.0875,0.05,0.0375,0.438333,0.146667,0.0341667,0.0408333,0.254167,0.0291667,0.0191667
1450,0.01,0.885,0.1,0.005,0.025,0.1625,0.81,0.0025,0.42,0.44,0.0875,0.0525,0.0116667,0.435,0.146667,0.0333333,0.0541667,0.27,0.0291667,0.02
1500,0.01,0.78,0.21,0,0.19,0.205,0.605,0,0.3,0.505,0.1425,0.0525,0.0666667,0.36,0.168333,0.07,0.0683333,0.201667,0.0475,0.0175
1550,0.0025,0.825,0.1725,0,0.28,0.15,0.5625,0.0075,0.405,0.54,0.0525,0.0025,0.0941667,0.41,0.18,0.0575,0.05,0.1875,0.0175,0.00333333
1600,0.0025,0.855,0.1425,0,0.05,0.1675,0.7825,0,0.3925,0.54,0.0675,0,0.0175,0.415833,0.18,0.0475,0.0558333,0.260833,0.0225,0
1650,0.0025,0.9775,0.015,0.005,0.0225,0.1175,0.855,0.005,0.6025,0.385,0.01,0.0025,0.00833333,0.526667,0.128333,0.005,0.0391667,0.285,0.00333333,0.00416667
1700,0,0.92,0.0775,0.0025,0,0.1375,0.8575,0.005,0.495,0.4775,0.0275,0,0,0.471667,0.159167,0.0258333,0.0458333,0.285833,0.00916667,0.0025
1750,0.0075,0.9825,0,0.01,0.005,0.14,0.8475,0.0075,0.625,0.3675,0.005,0.0025,0.00416667,0.535833,0.1225,0,0.0466667,0.2825,0.00166667,0.00666667
1800,0.0075,0.89,0.1,0.0025,0.0125,0.1625,0.815,0.01,0.435,0.455,0.0425,0.0675,0.00666667,0.441667,0.151667,0.0333333,0.0541667,0.271667,0.0141667,0.0266667
1850,0.01,0.8275,0.16,0.0025,0.0075,0.18,0.81,0.0025,0.33,0.4925,0.1175,0.06,0.00583333,0.385833,0.164167,0.0533333,0.06,0.27,0.0391667,0.0216667
1900,0.01,0.9,0.09,0,0.2025,0.0875,0.71,0,0.4475,0.415,0.07,0.0675,0.0708333,0.449167,0.138333,0.03,0.0291667,0.236667,0.0233333,0.0225
1950,0.0025,0.8925,0.1025,0.0025,0.135,0.09,0.7675,0.0075,0.395,0.45,0.095,0.06,0.0458333,0.429167,0.15,0.0341667,0.03,0.255833,0.0316667,0.0233333
2000,0.0075,0.885,0.105,0.0025,0.18,0.09,0.7225,0.0075,0.39,0.4525,0.095,0.0625,0.0625,0.425,0.150833,0.035,0.03,0.240833,0.0316667,0.0241667
2050,0.0025,0.89,0.1,0.0075,0.1275,0.0875,0.7775,0.0075,0.5025,0.46,0.035,0.0025,0.0433333,0.464167,0.153333,0.0333333,0.0291667,0.259167,0.0116667,0.00583333
2100,0.0075,0.89,0.1,0.0025,0.0275,0.0925,0.8775,0.0025,0.4725,0.4625,0.055,0.01,0.0116667,0.454167,0.154167,0.0333333,0.0308333,0.2925,0.0183333,0.005
2150,0.0025,0.895,0.1,0.0025,0.005,0.0875,0.8925,0.015,0.4,0.4275,0.125,0.0475,0.0025,0.431667,0.1425,0.0333333,0.0291667,0.2975,0.0416667,0.0216667
2200,0,0.9875,0.0075,0.005,0.0025,0.065,0.925,0.0075,0.495,0.37,0.0675,0.0675,0.000833333,0.494167,0.123333,0.0025,0.0216667,0.308333,0.0225,0.0266667
2250,0.0075,0.88,0.1125,0,0.0075,0.18,0.8125,0,0.37,0.46,0.1025,0.0675,0.005,0.416667,0.153333,0.0375,0.06,0.270833,0.0341667,0.0225
2300,0.0025,0.8975,0.095,0.005,0.005,0.1675,0.8225,0.005,0.4125,0.4175,0.11,0.06,0.0025,0.436667,0.139167,0.0316667,0.0558333,0.274167,0.0366667,0.0233333
2350,0.01,0.785,0.205,0,0.0325,0.305,0.6575,0.005,0.4,0.41,0.1275,0.0625,0.0141667,0.395,0.136667,0.0683333,0.101667,0.219167,0.0425,0.0225
2400,0.0025,0.98,0.01,0.0075,0.125,0.0125,0.86,0.0025,0.495,0.37,0.0675,0.0675,0.0425,0.491667,0.123333,0.00333333,0.00416667,0.286667,0.0225,0.0258333
2450,0.005,0.8825,0.1075,0.005,0.13,0.03,0.8375,0.0025,0.3975,0.43,0.11,0.0625,0.045,0.426667,0.143333,0.0358333,0.01,0.279167,0.0366667,0.0233333
2500,0.005,0.98,0.01,0.005,0.0975,0,0.8975,0.005,0.4975,0.375,0.0625,0.065,0.0341667,0.4925,0.125,0.00333333,0,0.299167,0.0208333,0.025
2550,0.01,0.985,0.0025,0.0025,0.005,0.0375,0.9525,0.005,0.4925,0.375,0.07,0.0625,0.005,0.4925,0.125,0.000833333,0.0125,0.3175,0.0233333,0.0233333
2600,0.015,0.8275,0.15,0.0075,0.005,0.415,0.58,0,0.495,0.3525,0.0925,0.06,0.00666667,0.440833,0.1175,0.05,0.138333,0.193333,0.0308333,0.0225
2650,0.005,0.9875,0.005,0.0025,0.0175,0.115,0.86,0.0075,0.4875,0.37,0.075,0.0675,0.0075,0.491667,0.123333,0.00166667,0.0383333,0.286667,0.025,0.0258333
2700,0.005,0.9775,0.0075,0.01,0.0075,0.1325,0.855,0.005,0.3875,0.37,0.18,0.0625,0.00416667,0.455,0.123333,0.0025,0.0441667,0.285,0.06,0.0258333
2750,0.0025,0.985,0.005,0.0075,0.0025,0.1225,0.865,0.01,0.27,0.3725,0.2925,0.065,0.00166667,0.418333,0.124167,0.00166667,0.0408333,0.288333,0.0975,0.0275
2800,0.0075,0.8875,0.1,0.005,0.005,0.21,0.7775,0.0075,0.17,0.365,0.405,0.06,0.00416667,0.3525,0.121667,0.0333333,0.07,0.259167,0.135,0.0241667
2850,0.0025,0.7825,0.2125,0.0025,0,0.3125,0.6825,0.005,0.28,0.44,0.2425,0.0375,0.000833333,0.354167,0.146667,0.0708333,0.104167,0.2275,0.0808333,0.015
2900,0.005,0.9,0.095,0,0.005,0.1925,0.7925,0.01,0.3525,0.3625,0.2225,0.0625,0.00333333,0.4175,0.120833,0.0316667,0.0641667,0.264167,0.0741667,0.0241667
2950,0.0025,0.9825,0.005,0.01,0.01,0.1275,0.8625,0,0.2725,0.3675,0.3,0.06,0.00416667,0.418333,0.1225,0.00166667,0.0425,0.2875,0.1,0.0233333
3000,0.005,0.8575,0.1375,0,0.01,0.25,0.7375,0.0025,0.2625,0.4025,0.27,0.065,0.005,0.373333,0.134167,0.0458333,0.0833333,0.245833,0.09,0.0225
3050,0,0.99,0.0025,0.0075,0,0.13,0.865,0.005,0.2425,0.37,0.3275,0.06,0,0.410833,0.123333,0.000833333,0.0433333,0.288333,0.109167,0.0241667
3100,0.0025,0.92,0.075,0.0025,0.0025,0.145,0.845,0.0075,0.1325,0.355,0.4525,0.06,0.00166667,0.350833,0.118333,0.025,0.0483333,0.281667,0.150833,0.0233333
3150,0.0075,0.955,0.0325,0.005,0.005,0.13,0.86,0.005,0.12,0.37,0.4475,0.0625,0.00416667,0.358333,0.123333,0.0108333,0.0433333,0.286667,0.149167,0.0241667
3200,0.0075,0.9775,0.0025,0.0125,0.0075,0.135,0.8525,0.005,0.1275,0.37,0.4425,0.06,0.005,0.368333,0.123333,0.000833333,0.045,0.284167,0.1475,0.0258333
3250,0.005,0.8875,0.1075,0,0.01,0.155,0.8275,0.0075,0.1625,0.375,0.3975,0.065,0.005,0.35,0.125,0.0358333,0.0516667,0.275833,0.1325,0.0241667
3300,0,0.9975,0.0025,0,0.005,0.1325,0.8625,0,0.25,0.365,0.32,0.065,0.00166667,0.415833,0.121667,0.000833333,0.0441667,0.2875,0.106667,0.0216667
3350,0,0.9875,0.0075,0.005,0.0075,0.13,0.86,0.0025,0.2375,0.375,0.3275,0.06,0.0025,0.408333,0.125,0.0025,0.0433333,0.286667,0.109167,0.0225
3400,0.0025,0.9875,0.005,0.005,0,0.1225,0.875,0.0025,0.0325,0.3725,0.535,0.06,0.000833333,0.34,0.124167,0.00166667,0.0408333,0.291667,0.178333,0.0225
3450,0.005,0.8875,0.1075,0,0.0075,0.155,0.8325,0.005,0,0.325,0.605,0.07,0.00416667,0.295833,0.108333,0.0358333,0.0516667,0.2775,0.201667,0.025
3500,0.005,0.9875,0.0025,0.005,0.0075,0.1225,0.8625,0.0075,0.0075,0.3725,0.56,0.06,0.00416667,0.331667,0.124167,0.000833333,0.0408333,0.2875,0.186667,0.0241667
3550,0.005,0.9875,0.0075,0,0.0075,0.125,0.86,0.0075,0.0025,0.38,0.5575,0.06,0.00416667,0.33,0.126667,0.0025,0.0416667,0.286667,0.185833,0.0225
3600,0.005,0.985,0.0025,0.0075,0.005,0.1275,0.8625,0.005,0.0025,0.38,0.56,0.0575,0.00333333,0.329167,0.126667,0.000833333,0.0425,0.2875,0.186667,0.0233333
3650,0.005,0.9725,0.0075,0.015,0.0075,0.125,0.86,0.0075,0.0075,0.3775,0.5575,0.0575,0.00416667,0.326667,0.125833,0.0025,0.0416667,0.286667,0.185833,0.0266667
3700,0.01,0.9725,0.005,0.0125,0.0075,0.1225,0.865,0.005,0.005,0.37,0.565,0.06,0.00583333,0.325833,0.123333,0.00166667,0.0408333,0.288333,0.188333,0.0258333
3750,0.0075,0.9875,0,0.005,0.01,0.125,0.86,0.005,0.005,0.3775,0.5575,0.06,0.00583333,0.330833,0.125833,0,0.0416667,0.286667,0.185833,0.0233333
3800,0.0025,0.9925,0.0025,0.0025,0.005,0.12,0.8725,0.0025,0.005,0.3725,0.5625,0.06,0.0025,0.3325,0.124167,0.000833333,0.04,0.290833,0.1875,0.0216667
3850,0.0025,0.995,0,0.0025,0.015,0.1225,0.8625,0,0.0025,0.355,0.5875,0.055,0.00583333,0.3325,0.118333,0,0.0408333,0.2875,0.195833,0.0191667
3900,0.005,0.99,0,0.005,0.005,0.14,0.8525,0.0025,0.0025,0.255,0.69,0.0525,0.00333333,0.330833,0.085,0,0.0466667,0.284167,0.23,0.02
3950,0.005,0.99,0.005,0,0.0025,0.1275,0.865,0.005,0,0.255,0.695,0.05,0.0025,0.33,0.085,0.00166667,0.0425,0.288333,0.231667,0.0183333
4000,0.0025,0.8875,0.105,0.005,0.0025,0.23,0.7625,0.005,0.01,0.255,0.68,0.055,0.00166667,0.299167,0.085,0.035,0.0766667,0.254167,0.226667,0.0216667
4050,0.005,0.9875,0.005,0.0025,0.0075,0.1225,0.865,0.005,0.0075,0.2475,0.69,0.055,0.00416667,0.331667,0.0825,0.00166667,0.0408333,0.288333,0.23,0.0208333
4100,0.0075,0.9825,0.0075,0.0025,0.0125,0.1275,0.845,0.015,0,0.2525,0.6975,0.05,0.00666667,0.3275,0.0841667,0.0025,0.0425,0.281667,0.2325,0.0225
4150,0.005,0.9825,0,0.0125,0.0025,0.13,0.865,0.0025,0.005,0.2475,0.6975,0.05,0.0025,0.329167,0.0825,0,0.0433333,0.288333,0.2325,0.0216667
4200,0.005,0.9875,0.0025,0.005,0.005,0.1275,0.855,0.0125,0.0025,0.2525,0.695,0.05,0.00333333,0.33,0.0841667,0.000833333,0.0425,0.285,0.231667,0.0225
4250,0.0075,0.9875,0.0025,0.0025,0,0.125,0.87,0.005,0.0175,0.255,0.6875,0.04,0.0025,0.335,0.085,0.000833333,0.0416667,0.29,0.229167,0.0158333
4300,0.0025,0.9825,0.0075,0.0075,0.01,0.1225,0.8625,0.005,0.0025,0.245,0.7075,0.045,0.00416667,0.328333,0.0816667,0.0025,0.0408333,0.2875,0.235833,0.0191667
4350,0.0075,0.9775,0.0075,0.0075,0.0075,0.1325,0.8525,0.0075,0,0.25,0.705,0.045,0.005,0.325833,0.0833333,0.0025,0.0441667,0.284167,0.235,0.02
4400,0.005,0.985,0.005,0.005,0.0025,0.13,0.8625,0.005,0,0.25,0.7125,0.0375,0.0025,0.328333,0.0833333,0.00166667,0.0433333,0.2875,0.2375,0.0158333
4450,0.005,0.98,0.005,0.01,0.01,0.125,0.865,0,0,0.25,0.71,0.04,0.005,0.326667,0.0833333,0.00166667,0.0416667,0.288333,0.236667,0.0166667
4500,0,0.9825,0.0125,0.005,0.01,0.125,0.86,0.005,0,0.2525,0.7125,0.035,0.00333333,0.3275,0.0841667,0.00416667,0.0416667,0.286667,0.2375,0.015
4550,0.0025,0.99,0.0025,0.005,0.005,0.125,0.8625,0.0075,0.0025,0.2475,0.715,0.035,0.0025,0.330833,0.0825,0.000833333,0.0416667,0.2875,0.238333,0.0158333
4600,0,0.9825,0.005,0.0125,0.01,0.13,0.8525,0.0075,0.0075,0.245,0.715,0.0325,0.00333333,0.33,0.0816667,0.00166667,0.0433333,0.284167,0.238333,0.0175
4650,0.0075,0.97,0.0125,0.01,0.0025,0.1275,0.87,0,0.01,0.255,0.71,0.025,0.00333333,0.326667,0.085,0.00416667,0.0425,0.29,0.236667,0.0116667
4700,0.0025,0.975,0.01,0.0125,0.0025,0.1275,0.8675,0.0025,0.005,0.245,0.7225,0.0275,0.00166667,0.326667,0.0816667,0.00333333,0.0425,0.289167,0.240833,0.0141667
4750,0.0025,0.995,0.0025,0,0.0025,0.135,0.8525,0.01,0.005,0.2475,0.725,0.0225,0.00166667,0.333333,0.0825,0.000833333,0.045,0.284167,0.241667,0.0108333
4800,0.0075,0.9825,0.0025,0.0075,0,0.1275,0.865,0.0075,0.005,0.2475,0.73,0.0175,0.0025,0.329167,0.0825,0.000833333,0.0425,0.288333,0.243333,0.0108333
4850,0.0025,0.985,0.0125,0,0.0075,0.1275,0.8575,0.0075,0.01,0.2475,0.735,0.0075,0.00333333,0.331667,0.0825,0.00416667,0.0425,0.285833,0.245,0.005
4900,0.0025,0.9925,0.0025,0.0025,0.0075,0.12,0.865,0.0075,0,0.255,0.735,0.01,0.00333333,0.330833,0.085,0.000833333,0.04,0.288333,0.245,0.00666667
4950,0.005,0.9775,0.0075,0.01,0.0125,0.1275,0.86,0,0.005,0.2525,0.74,0.0025,0.00583333,0.3275,0.0841667,0.0025,0.0425,0.286667,0.246667,0.00416667
5000,0.0125,0.985,0,0.0025,0.005,0.1225,0.87,0.0025,0.005,0.255,0.7325,0.0075,0.00583333,0.33,0.085,0,0.0408333,0.29,0.244167,0.00416667
5050,0.015,0.9725,0.005,0.0075,0.0075,0.1225,0.8675,0.0025,0.0025,0.2525,0.7425,0.0025,0.0075,0.325,0.0841667,0.00166667,0.0408333,0.289167,0.2475,0.00416667
5100,0.0025,0.9925,0.0025,0.0025,0.005,0.125,0.87,0,0.0025,0.2425,0.755,0,0.0025,0.331667,0.0808333,0.000833333,0.0416667,0.29,0.251667,0.000833333
5150,0,0.9825,0.005,0.0125,0,0.125,0.875,0,0.0025,0.25,0.7375,0.01,0,0.328333,0.0833333,0.00166667,0.0416667,0.291667,0.245833,0.0075
5200,0.0025,0.985,0.005,0.0075,0,0.1325,0.865,0.0025,0,0.2525,0.7425,0.005,0.000833333,0.328333,0.0841667,0.00166667,0.0441667,0.288333,0.2475,0.005
5250,0.005,0.985,0.0075,0.0025,0,0.125,0.8675,0.0075,0.0075,0.2475,0.735,0.01,0.00166667,0.330833,0.0825,0.0025,0.0416667,0.289167,0.245,0.00666667
5300,0.0075,0.9825,0,0.01,0.005,0.1275,0.8575,0.01,0.0025,0.25,0.7475,0,0.00416667,0.328333,0.0833333,0,0.0425,0.285833,0.249167,0.00666667
5350,0.0075,0.91,0.0725,0.01,0.0125,0.1575,0.825,0.005,0.0025,0.2775,0.72,0,0.00666667,0.304167,0.0925,0.0241667,0.0525,0.275,0.24,0.005
5400,0.005,0.985,0.01,0,0.0025,0.125,0.8575,0.015,0.005,0.25,0.725,0.02,0.0025,0.33,0.0833333,0.00333333,0.0416667,0.285833,0.241667,0.0116667
5450,0.01,0.9875,0.0025,0,0.0075,0.125,0.86,0.0075,0.0025,0.255,0.6175,0.125,0.00583333,0.33,0.085,0.000833333,0.0416667,0.286667,0.205833,0.0441667
5500,0.005,0.9775,0.0025,0.015,0.01,0.1275,0.8575,0.005,0.0025,0.2475,0.615,0.135,0.005,0.326667,0.0825,0.000833333,0.0425,0.285833,0.205,0.0516667
5550,0.005,0.975,0.005,0.015,0.015,0.12,0.8625,0.0025,0.005,0.245,0.6225,0.1275,0.00666667,0.326667,0.0816667,0.00166667,0.04,0.2875,0.2075,0.0483333
5600,0.0025,0.9325,0.065,0,0.0025,0.1475,0.8475,0.0025,0.005,0.23,0.635,0.13,0.00166667,0.3125,0.0766667,0.0216667,0.0491667,0.2825,0.211667,0.0441667
5650,0.0025,0.9475,0.05,0,0.01,0.14,0.85,0,0.005,0.265,0.6025,0.1275,0.00416667,0.3175,0.0883333,0.0166667,0.0466667,0.283333,0.200833,0.0425
5700,0,0.89,0.1025,0.0075,0.01,0.155,0.8225,0.0125,0.0125,0.22,0.64,0.1275,0.00333333,0.300833,0.0733333,0.0341667,0.0516667,0.274167,0.213333,0.0491667
5750,0.0025,0.9925,0,0.005,0.005,0.13,0.86,0.005,0.005,0.2475,0.615,0.1325,0.0025,0.3325,0.0825,0,0.0433333,0.286667,0.205,0.0475
5800,0.0025,0.8925,0.1,0.005,0.0075,0.1575,0.8275,0.0075,0.005,0.2875,0.615,0.0925,0.00333333,0.299167,0.0958333,0.0333333,0.0525,0.275833,0.205,0.035
5850,0.005,0.9825,0.005,0.0075,0.0025,0.125,0.87,0.0025,0.0025,0.26,0.615,0.1225,0.0025,0.328333,0.0866667,0.00166667,0.0416667,0.29,0.205,0.0441667
5900,0.0025,0.99,0.005,0.0025,0.005,0.1325,0.8525,0.01,0.005,0.255,0.6125,0.1275,0.0025,0.331667,0.085,0.00166667,0.0441667,0.284167,0.204167,0.0466667
5950,0.005,0.99,0.0025,0.0025,0.0125,0.1225,0.8625,0.0025,0.005,0.2525,0.615,0.1275,0.00583333,0.331667,0.0841667,0.000833333,0.0408333,0.2875,0.205,0.0441667
6000,0.005,0.985,0.005,0.005,0.005,0.125,0.865,0.005,0.0075,0.2575,0.6075,0.1275,0.00333333,0.330833,0.0858333,0.00166667,0.0416667,0.288333,0.2025,0.0458333
6050,0.0125,0.9775,0.005,0.005,0.0075,0.1275,0.86,0.005,0.0025,0.255,0.6175,0.125,0.00666667,0.326667,0.085,0.00166667,0.0425,0.286667,0.205833,0.045
6100,0.005,0.99,0.005,0,0.0075,0.125,0.8675,0,0.005,0.245,0.6175,0.1325,0.00416667,0.331667,0.0816667,0.00166667,0.0416667,0.289167,0.205833,0.0441667
6150,0.01,0.9725,0.01,0.0075,0.01,0.1225,0.86,0.0075,0.005,0.2525,0.6175,0.125,0.00666667,0.325833,0.0841667,0.00333333,0.0408333,0.286667,0.205833,0.0466667
6200,0.0025,0.99,0,0.0075,0.0075,0.1325,0.8425,0.0175,0,0.2525,0.625,0.1225,0.00333333,0.33,0.0841667,0,0.0441667,0.280833,0.208333,0.0491667
6250,0.0025,0.8925,0.1025,0.0025,0.005,0.22,0.775,0,0.0075,0.2775,0.59,0.125,0.0025,0.3,0.0925,0.0341667,0.0733333,0.258333,0.196667,0.0425
6300,0.0025,0.985,0.005,0.0075,0.005,0.1325,0.8575,0.005,0.01,0.245,0.6225,0.1225,0.0025,0.331667,0.0816667,0.00166667,0.0441667,0.285833,0.2075,0.045
6350,0,0.9875,0.005,0.0075,0.0075,0.1325,0.855,0.005,0,0.245,0.625,0.13,0.0025,0.329167,0.0816667,0.00166667,0.0441667,0.285,0.208333,0.0475
6400,0.005,0.99,0.0025,0.0025,0.0075,0.1275,0.86,0.005,0.005,0.25,0.615,0.13,0.00416667,0.331667,0.0833333,0.000833333,0.0425,0.286667,0.205,0.0458333
6450,0.0075,0.9875,0.0025,0.0025,0.015,0.125,0.86,0,0.005,0.2525,0.615,0.1275,0.0075,0.330833,0.0841667,0.000833333,0.0416667,0.286667,0.205,0.0433333
6500,0,0.9875,0.005,0.0075,0.005,0.125,0.8675,0.0025,0.0075,0.25,0.615,0.1275,0.00166667,0.331667,0.0833333,0.00166667,0.0416667,0.289167,0.205,0.0458333
6550,0.0075,0.9875,0.005,0,0,0.125,0.8675,0.0075,0.0025,0.255,0.6225,0.12,0.0025,0.33,0.085,0.00166667,0.0416667,0.289167,0.2075,0.0425
6600,0.005,0.9775,0.0075,0.01,0.005,0.135,0.8575,0.0025,0.0025,0.245,0.625,0.1275,0.00333333,0.326667,0.0816667,0.0025,0.045,0.285833,0.208333,0.0466667
6650,0.0025,0.995,0.0025,0,0.0075,0.1225,0.87,0,0.0025,0.25,0.6225,0.125,0.00333333,0.3325,0.0833333,0.000833333,0.0408333,0.29,0.2075,0.0416667
6700,0.005,0.99,0.0025,0.0025,0.0025,0.1325,0.8625,0.0025,0.0025,0.2475,0.62,0.13,0.0025,0.330833,0.0825,0.000833333,0.0441667,0.2875,0.206667,0.045
6750,0,0.975,0.0025,0.0225,0,0.1275,0.865,0.0075,0.0025,0.2525,0.6175,0.1275,0,0.325833,0.0841667,0.000833333,0.0425,0.288333,0.205833,0.0525
6800,0.005,0.975,0.01,0.01,0,0.125,0.87,0.005,0,0.2575,0.6125,0.13,0.00166667,0.325,0.0858333,0.00333333,0.0416667,0.29,0.204167,0.0483333
6850,0.0025,0.98,0.0075,0.01,0.0075,0.125,0.865,0.0025,0.0075,0.24,0.6225,0.13,0.00333333,0.329167,0.08,0.0025,0.0416667,0.288333,0.2075,0.0475
6900,0,0.9925,0.0025,0.005,0,0.1275,0.8675,0.005,0.01,0.2525,0.6125,0.125,0,0.334167,0.0841667,0.000833333,0.0425,0.289167,0.204167,0.045
6950,0.0025,0.99,0.005,0.0025,0.0075,0.13,0.855,0.0075,0.0125,0.25,0.605,0.1325,0.00333333,0.334167,0.0833333,0.00166667,0.0433333,0.285,0.201667,0.0475
7000,0.005,0.985,0.0075,0.0025,0.0025,0.1275,0.865,0.005,0.0025,0.25,0.62,0.1275,0.0025,0.329167,0.0833333,0.0025,0.0425,0.288333,0.206667,0.045
7050,0.0025,0.995,0,0.0025,0,0.13,0.8675,0.0025,0.005,0.2525,0.6175,0.125,0.000833333,0.333333,0.0841667,0,0.0433333,0.289167,0.205833,0.0433333
7100,0,0.9825,0.0125,0.005,0.005,0.1225,0.865,0.0075,0.0025,0.2475,0.615,0.135,0.00166667,0.328333,0.0825,0.00416667,0.0408333,0.288333,0.205,0.0491667
7150,0.0125,0.7425,0.245,0,0.0075,0.1975,0.7875,0.0075,0.0075,0.2025,0.67,0.12,0.00666667,0.25,0.0675,0.0816667,0.0658333,0.2625,0.223333,0.0425
7200,0,0.87,0.13,0,0.005,0.13,0.8575,0.0075,0.005,0.23,0.6375,0.1275,0.00166667,0.291667,0.0766667,0.0433333,0.0433333,0.285833,0.2125,0.045
7250,0.005,0.9875,0.005,0.0025,0,0.13,0.87,0,0.0025,0.255,0.6175,0.125,0.00166667,0.33,0.085,0.00166667,0.0433333,0.29,0.205833,0.0425
7300,0.0025,0.99,0.0075,0,0.005,0.1275,0.8675,0,0.0075,0.25,0.615,0.1275,0.0025,0.3325,0.0833333,0.0025,0.0425,0.289167,0.205,0.0425
7350,0.01,0.9825,0.0025,0.005,0.0125,0.12,0.8625,0.005,0.005,0.2525,0.6125,0.13,0.0075,0.329167,0.0841667,0.000833333,0.04,0.2875,0.204167,0.0466667
7400,0.005,0.9825,0.0075,0.005,0.005,0.13,0.865,0,0.0025,0.26,0.6075,0.13,0.00333333,0.328333,0.0866667,0.0025,0.0433333,0.288333,0.2025,0.045
7450,0.005,0.98,0.0075,0.0075,0.0075,0.1275,0.8575,0.0075,0.0025,0.2575,0.6175,0.1225,0.00416667,0.3275,0.0858333,0.0025,0.0425,0.285833,0.205833,0.0458333
7500,0,0.985,0.0075,0.0075,0.005,0.135,0.855,0.005,0.0025,0.2575,0.6175,0.1225,0.00166667,0.329167,0.0858333,0.0025,0.045,0.285,0.205833,0.045
7550,0.005,0.9925,0,0.0025,0.0025,0.135,0.8575,0.005,0.01,0.37,0.4925,0.1275,0.0025,0.334167,0.123333,0,0.045,0.285833,0.164167,0.045
7600,0.01,0.975,0.01,0.005,0.01,0.125,0.8625,0.0025,0.0075,0.37,0.4975,0.125,0.00666667,0.3275,0.123333,0.00333333,0.0416667,0.2875,0.165833,0.0441667
7650,0,0.9925,0.0025,0.005,0.005,0.125,0.8625,0.0075,0.0025,0.37,0.5,0.1275,0.00166667,0.331667,0.123333,0.000833333,0.0416667,0.2875,0.166667,0.0466667
7700,0.0025,0.9925,0.005,0,0.005,0.13,0.865,0,0,0.3675,0.505,0.1275,0.0025,0.330833,0.1225,0.00166667,0.0433333,0.288333,0.168333,0.0425
7750,0.0125,0.88,0.105,0.0025,0.0125,0.1475,0.8375,0.0025,0.0025,0.305,0.57,0.1225,0.00833333,0.294167,0.101667,0.035,0.0491667,0.279167,0.19,0.0425
7800,0.005,0.8925,0.0975,0.005,0.005,0.145,0.8375,0.0125,0.0125,0.2525,0.6075,0.1275,0.00333333,0.301667,0.0841667,0.0325,0.0483333,0.279167,0.2025,0.0483333
7850,0.0025,0.9825,0.005,0.01,0.005,0.1275,0.865,0.0025,0.005,0.255,0.6125,0.1275,0.0025,0.329167,0.085,0.00166667,0.0425,0.288333,0.204167,0.0466667
7900,0.0125,0.7725,0.215,0,0.005,0.1725,0.82,0.0025,0.0025,0.25,0.6225,0.125,0.00583333,0.258333,0.0833333,0.0716667,0.0575,0.273333,0.2075,0.0425
7950,0.0025,0.945,0.05,0.0025,0.0075,0.14,0.8475,0.005,0.0025,0.245,0.62,0.1325,0.00333333,0.315833,0.0816667,0.0166667,0.0466667,0.2825,0.206667,0.0466667
8000,0.0025,0.8875,0.105,0.005,0.0025,0.135,0.86,0.0025,0.0075,0.2575,0.6075,0.1275,0.00166667,0.298333,0.0858333,0.035,0.045,0.286667,0.2025,0.045
8050,0.0075,0.8275,0.1575,0.0075,0.0075,0.1275,0.865,0,0,0.265,0.645,0.09,0.005,0.275833,0.0883333,0.0525,0.0425,0.288333,0.215,0.0325
8100,0.0075,0.8425,0.15,0,0.005,0.155,0.8375,0.0025,0.0075,0.2375,0.6225,0.1325,0.00416667,0.283333,0.0791667,0.05,0.0516667,0.279167,0.2075,0.045
8150,0.0125,0.97,0.005,0.0125,0,0.1275,0.865,0.0075,0.0125,0.26,0.6025,0.125,0.00416667,0.3275,0.0866667,0.00166667,0.0425,0.288333,0.200833,0.0483333
8200,0.0075,0.98,0.0025,0.01,0.01,0.13,0.86,0,0.0025,0.2575,0.61,0.13,0.00583333,0.3275,0.0858333,0.000833333,0.0433333,0.286667,0.203333,0.0466667
8250,0.005,0.99,0,0.005,0.005,0.13,0.8625,0.0025,0.005,0.25,0.625,0.12,0.00333333,0.331667,0.0833333,0,0.0433333,0.2875,0.208333,0.0425
8300,0.0075,0.98,0.005,0.0075,0.0025,0.1225,0.87,0.005,0.0025,0.25,0.6175,0.13,0.00333333,0.3275,0.0833333,0.00166667,0.0408333,0.29,0.205833,0.0475
8350,0.0075,0.9775,0.005,0.01,0.0025,0.1225,0.87,0.005,0.0025,0.2575,0.605,0.135,0.00333333,0.326667,0.0858333,0.00166667,0.0408333,0.29,0.201667,0.05
8400,0.005,0.9875,0,0.0075,0.0075,0.115,0.8725,0.005,0.005,0.2475,0.6225,0.125,0.00416667,0.330833,0.0825,0,0.0383333,0.290833,0.2075,0.0458333
8450,0.0075,0.985,0.005,0.0025,0.0025,0.1275,0.86,0.01,0.0025,0.2475,0.6175,0.1325,0.00333333,0.329167,0.0825,0.00166667,0.0425,0.286667,0.205833,0.0483333
8500,0.005,0.9825,0.01,0.0025,0.01,0.1325,0.7325,0.125,0.0075,0.255,0.615,0.1225,0.005,0.33,0.085,0.00333333,0.0441667,0.244167,0.205,0.0833333
8550,0.0025,0.985,0.005,0.0075,0.005,0.13,0.7425,0.1225,0.0025,0.25,0.62,0.1275,0.0025,0.329167,0.0833333,0.00166667,0.0433333,0.2475,0.206667,0.0858333
8600,0.005,0.985,0.0075,0.0025,0.0025,0.1275,0.74,0.13,0.01,0.2475,0.62,0.1225,0.0025,0.331667,0.0825,0.0025,0.0425,0.246667,0.206667,0.085
8650,0.0125,0.985,0.0025,0,0.0075,0.1275,0.7375,0.1275,0.005,0.3175,0.545,0.1325,0.00666667,0.33,0.105833,0.000833333,0.0425,0.245833,0.181667,0.0866667
8700,0.0025,0.9925,0.0025,0.0025,0.0025,0.125,0.745,0.1275,0.005,0.375,0.4925,0.1275,0.00166667,0.3325,0.125,0.000833333,0.0416667,0.248333,0.164167,0.0858333
8750,0.0075,0.855,0.01,0.1275,0.005,0.1275,0.74,0.1275,0.0025,0.3825,0.4925,0.1225,0.00416667,0.285833,0.1275,0.00333333,0.0425,0.246667,0.164167,0.125833
8800,0.01,0.8625,0,0.1275,0.0025,0.0975,0.74,0.16,0.0075,0.3725,0.4975,0.1225,0.00416667,0.29,0.124167,0,0.0325,0.246667,0.165833,0.136667
8850,0.0025,0.865,0.0075,0.125,0.005,0.0025,0.745,0.2475,0,0.37,0.5075,0.1225,0.0025,0.288333,0.123333,0.0025,0.000833333,0.248333,0.169167,0.165
8900,0.005,0.8675,0.005,0.1225,0.015,0.0075,0.7325,0.245,0,0.38,0.49,0.13,0.00666667,0.289167,0.126667,0.00166667,0.0025,0.244167,0.163333,0.165833
8950,0.0025,0.8675,0.005,0.125,0.015,0.0025,0.735,0.2475,0.0125,0.3775,0.49,0.12,0.00583333,0.293333,0.125833,0.00166667,0.000833333,0.245,0.163333,0.164167
9000,0.005,0.87,0.005,0.12,0.01,0.005,0.74,0.245,0.0025,0.3725,0.49,0.135,0.005,0.290833,0.124167,0.00166667,0.00166667,0.246667,0.163333,0.166667
9050,0.01,0.8,0.01,0.18,0.005,0.005,0.74,0.25,0.0025,0.3825,0.4875,0.1275,0.005,0.2675,0.1275,0.00333333,0.00166667,0.246667,0.1625,0.185833
9100,0.0025,0.7325,0.0075,0.2575,0.0075,0.005,0.74,0.2475,0.0025,0.37,0.5,0.1275,0.00333333,0.245,0.123333,0.0025,0.00166667,0.246667,0.166667,0.210833
9150,0.0075,0.735,0.0025,0.255,0.0025,0.0075,0.74,0.25,0,0.37,0.5025,0.1275,0.00333333,0.245,0.123333,0.000833333,0.0025,0.246667,0.1675,0.210833
9200,0.0025,0.7475,0,0.25,0.0075,0.0075,0.735,0.25,0.0025,0.3775,0.4975,0.1225,0.00333333,0.25,0.125833,0,0.0025,0.245,0.165833,0.2075
9250,0,0.7375,0.0075,0.255,0.0075,0.005,0.74,0.2475,0.0025,0.3775,0.4925,0.1275,0.0025,0.246667,0.125833,0.0025,0.00166667,0.246667,0.164167,0.21
9300,0.0025,0.745,0.005,0.2475,0.0075,0.005,0.735,0.2525,0,0.375,0.495,0.13,0.00333333,0.248333,0.125,0.00166667,0.00166667,0.245,0.165,0.21
9350,0.005,0.735,0.0075,0.2525,0.0025,0.005,0.74,0.2525,0.0025,0.3725,0.49,0.135,0.0025,0.245833,0.124167,0.0025,0.00166667,0.246667,0.163333,0.213333
9400,0.005,0.7375,0.005,0.2525,0.005,0.0075,0.735,0.2525,0.0025,0.37,0.5,0.1275,0.00333333,0.246667,0.123333,0.00166667,0.0025,0.245,0.166667,0.210833
9450,0.0075,0.735,0.01,0.2475,0.0075,0.0025,0.7375,0.2525,0.0025,0.3725,0.4975,0.1275,0.005,0.245833,0.124167,0.00333333,0.000833333,0.245833,0.165833,0.209167
9500,0.005,0.74,0,0.255,0.005,0.01,0.7325,0.2525,0.0025,0.37,0.5,0.1275,0.00333333,0.2475,0.123333,0,0.00333333,0.244167,0.166667,0.211667
9550,0.005,0.7425,0.0025,0.25,0.005,0.0125,0.7375,0.245,0.0025,0.3775,0.4925,0.1275,0.00333333,0.248333,0.125833,0.000833333,0.00416667,0.245833,0.164167,0.2075
9600,0,0.74,0.0025,0.2575,0.0025,0,0.7425,0.255,0.0025,0.3725,0.4975,0.1275,0.000833333,0.2475,0.124167,0.000833333,0,0.2475,0.165833,0.213333
9650,0.0025,0.735,0.0025,0.26,0.005,0.0075,0.7325,0.255,0.0025,0.3725,0.495,0.13,0.0025,0.245833,0.124167,0.000833333,0.0025,0.244167,0.165,0.215
9700,0.0025,0.7475,0.0075,0.2425,0.0075,0,0.745,0.2475,0,0.3775,0.4975,0.125,0.00333333,0.249167,0.125833,0.0025,0,0.248333,0.165833,0.205
9750,0.015,0.7225,0.01,0.2525,0.005,0.0025,0.7375,0.255,0.005,0.375,0.495,0.125,0.00666667,0.2425,0.125,0.00333333,0.000833333,0.245833,0.165,0.210833
9800,0.005,0.73,0.0125,0.2525,0.01,0.005,0.7375,0.2475,0.0025,0.3725,0.4975,0.1275,0.005,0.244167,0.124167,0.00416667,0.00166667,0.245833,0.165833,0.209167
9850,0.005,0.7425,0.0025,0.25,0.005,0.01,0.735,0.25,0.0025,0.375,0.495,0.1275,0.00333333,0.248333,0.125,0.000833333,0.00333333,0.245,0.165,0.209167
9900,0.01,0.74,0.005,0.245,0,0.0025,0.7475,0.25,0.005,0.3725,0.5,0.1225,0.00333333,0.248333,0.124167,0.00166667,0.000833333,0.249167,0.166667,0.205833
9950,0,0.745,0.005,0.25,0.005,0.005,0.735,0.255,0.005,0.365,0.5,0.13,0.00166667,0.25,0.121667,0.00166667,0.00166667,0.245,0.166667,0.211667
10000,0.0025,0.745,0.0025,0.25,0,0.0025,0.745,0.2525,0.005,0.365,0.4925,0.1375,0.000833333,0.25,0.121667,0.000833333,0.000833333,0.248333,0.164167,0.213333
