gen,migration_on mean,migration_on var,migration_off mean,migration_off var
50,2000.1950000000002,1025.1686850000017,2065.045,795.8832250000008
100,1877.6599999999999,877.3297799999997,2004.1680000000001,1399.0434360000002
150,1800.357,664.5560410000004,1963.9739999999997,1339.9255239999989
200,1750.616,728.5405239999985,1929.551,1292.2058889999987
250,1704.941,782.1005889999994,1911.596,1234.9654639999967
300,1668.86,964.276299999999,1892.2419999999997,1318.5807759999993
350,1634.4540000000002,916.8672640000004,1872.7419999999997,1608.9900560000003
400,1607.249,1167.5550490000007,1853.6349999999998,1878.9372250000026
450,1584.9119999999998,1060.3761559999996,1843.4810000000002,2002.655168999999
500,1566.018,1256.296415999998,1834.566,1617.263724
550,1548.566,1324.195384,1826.2150000000001,1566.4522250000007
600,1533.002,1306.8766760000008,1819.667,1865.3767610000002
650,1520.133,1451.4036409999985,1815.798,2037.9945560000033
700,1507.3899999999999,1648.1124600000028,1811.1799999999998,1841.6315000000025
750,1495.202,1986.8508560000005,1807.8439999999998,2071.4953440000036
800,1485.3709999999999,2058.6929490000025,1802.1860000000001,2494.9153840000017
850,1475.797,2159.5306009999986,1797.464,2499.2126840000033
900,1468.224,2292.515864000003,1791.7830000000001,2920.154381000004
950,1460.581,2473.4560290000004,1788.7540000000001,3201.8092440000037
1000,1456.054,2586.468863999997,1783.1709999999998,3797.013349000003
1050,1449.875,2695.138565000001,1781.243,4110.079041000004
1100,1444.864,2741.1204839999973,1776.4869999999999,4226.504600999999
1150,1440.45,2803.1997400000005,1773.523,3897.9393210000026
1200,1434.977,3003.4914609999987,1768.8259999999998,3279.6138240000023
1250,1428.645,3219.1102649999975,1761.741,3093.344069000001
1300,1422.8229999999999,3255.6099810000005,1758.6119999999999,2896.110455999998
1350,1417.133,3185.0780609999993,1755.8049999999998,3226.150625000001
1400,1411.4789999999998,3537.4777290000006,1752.6650000000002,3000.4548249999993
1450,1407.102,3716.7254760000033,1744.9419999999998,2945.821895999996
1500,1403.739,3848.1903690000013,1742.3220000000001,2716.0282759999964
1550,1399.993,3932.198461000006,1739.717,2543.4163209999997
1600,1397.492,3978.769235999999,1739.5520000000001,2557.1672559999984
1650,1393.5459999999998,4166.408643999997,1738.574,2748.939363999998
1700,1390.718,4307.849636000003,1737.613,2954.148421000001
1750,1387.902,4419.5086360000005,1735.8439999999998,3147.5341840000015
1800,1385.5430000000001,4471.050341000006,1735.146,3203.288203999999
1850,1382.345,4536.783685000003,1733.547,3254.2844410000007
1900,1379.048,4647.736595999998,1732.5400000000002,3255.5307599999987
1950,1374.326,4916.562364000003,1731.03,3225.7054599999983
2000,1369.091,5028.939209000001,1727.11,3218.0869799999996
2050,1366.455,5182.554105000005,1724.6529999999998,3387.1421010000013
2100,1364.231,5269.131148999997,1721.0459999999998,3909.1335640000025
2150,1362.318,5255.6718759999985,1720.8020000000001,3940.124255999999
2200,1360.227,5306.7125609999985,1717.782,4044.634156000003
2250,1358.3200000000002,5374.761819999998,1715.7930000000001,4284.774421000002
2300,1356.138,5379.557635999993,1714.67,4158.354100000002
2350,1354.205,5376.701545000002,1713.89,4131.397580000003
2400,1352.8970000000002,5394.353141000002,1712.9650000000001,4081.114025000001
2450,1351.502,5395.4191159999955,1712.9650000000001,4081.114025000001
2500,1350.192,5422.0810360000005,1712.9650000000001,4081.114025000001
2550,1348.6870000000001,5481.452621,1711.059,4047.0496490000032
2600,1347.45,5500.29472,1709.9209999999998,4004.717449000002
2650,1346.1100000000001,5547.851560000004,1709.3319999999999,3971.6176760000003
2700,1344.872,5573.168796000001,1708.716,3901.000284000003
2750,1343.426,5527.3163440000035,1705.563,4023.0279410000016
2800,1342.2040000000002,5485.720543999999,1704.8380000000002,4093.5542160000014
2850,1341.01,5459.013220000002,1703.663,4020.057841000003
2900,1339.433,5460.609681,1701.819,4085.7723890000025
2950,1338.482,5453.109876000002,1694.4689999999998,3415.800028999999
3000,1334.273,4440.801601000003,1691.782,3457.308635999999
3050,1332.56,4203.133080000001,1689.516,3726.9851839999997
3100,1330.355,3936.413965000002,1687.5760000000002,4012.8311839999988
3150,1329.21,3906.376,1685.3799999999999,4046.92572
3200,1328.3319999999999,3938.3596559999996,1684.6919999999998,4102.810995999997
3250,1327.451,3919.845308999998,1682.348,4095.4552560000047
3300,1325.899,3797.1474490000037,1680.905,4065.6175850000045
3350,1324.882,3799.179955999999,1679.592,3952.4024360000003
3400,1322.85,3553.5716800000037,1675.834,3630.022004000001
3450,1321.908,3525.904255999997,1675.0700000000002,3717.435819999998
3500,1320.08,3338.1561999999967,1673.937,4013.190741000002
3550,1318.737,3284.6161609999954,1673.797,4051.3399009999985
3600,1316.902,3184.616476,1673.797,4051.3399009999985
3650,1316.0120000000002,3182.762356000001,1673.711,4036.0910690000005
3700,1314.889,3112.827648999998,1673.711,4036.0910690000005
3750,1314.01,3089.969439999998,1672.5810000000001,3848.0952290000014
3800,1312.299,3009.7113290000034,1671.2939999999999,3989.127164
3850,1310.8120000000001,2927.5016959999957,1670.479,3868.3629090000018
3900,1310.038,2916.4635960000005,1669.182,3700.8307160000013
3950,1309.175,2926.7012850000015,1668.795,3656.707685
4000,1308.4950000000001,2901.2220249999964,1668.0220000000002,3742.541595999999
4050,1307.6190000000001,2891.3044889999983,1667.7990000000002,3738.8512090000004
4100,1306.705,2927.694585000002,1666.494,3761.663564
4150,1305.7189999999998,2972.3958690000027,1666.348,3802.3190160000013
4200,1304.4479999999999,3054.2641559999947,1665.297,3738.801481
4250,1303.47,3099.115599999998,1664.3759999999997,3780.749744000002
4300,1302.919,3125.622348999998,1664.0080000000003,3812.604456000002
4350,1302.258,3122.6497160000026,1663.345,3836.757225000002
4400,1301.454,3155.0595239999993,1662.2130000000002,3825.379841000003
4450,1300.354,3074.088844000001,1661.935,3818.192985000003
4500,1299.294,3016.1723240000047,1661.886,3817.070444000002
4550,1298.429,2965.8625689999976,1661.566,3909.5862840000036
4600,1297.416,2977.908344000002,1661.179,4023.9351090000005
4650,1296.841,2962.097009,1661.1009999999999,4047.308589
4700,1294.884,2892.9681440000013,1660.886,4112.302444000003
4750,1293.42,2812.3777600000003,1660.73,4159.98166
4800,1292.0049999999999,2742.111425,1660.542,4213.069976000002
4850,1291.211,2708.5919489999983,1660.378,4259.683836000003
4900,1290.459,2688.0952290000027,1659.398,4233.888716000001
4950,1289.6680000000001,2678.739495999997,1659.084,4290.736964
5000,1289.175,2662.958065,1658.725,4371.577724999999
5050,1288.41,2628.7747999999983,1658.3990000000001,4401.523989000003
5100,1287.286,2596.3640840000016,1657.5639999999999,4476.818624
5150,1286.9180000000001,2590.3984360000013,1656.864,4546.138944000003
5200,1286.442,2593.1605359999994,1656.7759999999998,4553.462304000003
5250,1285.475,2572.8988649999988,1656.256,4599.5821440000045
5300,1284.703,2562.186041000002,1655.714,4652.833644000003
5350,1283.8809999999999,2558.6702089999994,1655.563,4668.611181000002
5400,1283.063,2558.4673810000013,1654.946,4610.816184000002
5450,1281.801,2514.1487690000004,1654.5439999999999,4618.690944000003
5500,1280.3809999999999,2469.4688490000012,1653.548,4535.696256000001
5550,1279.866,2447.7203839999975,1653.0189999999998,4498.876269000002
5600,1279.4779999999998,2455.125396,1650.857,4400.756061000002
5650,1279.0819999999999,2446.703516000004,1650.795,4399.291125000002
5700,1278.19,2429.9051000000004,1650.6080000000002,4395.291756000001
5750,1277.71,2425.619980000003,1649.2549999999999,4507.280165
5800,1277.023,2422.311961,1647.6799999999998,4515.756240000001
5850,1276.55,2414.87488,1646.2060000000001,4654.637443999999
5900,1276.017,2366.335161,1645.041,4836.768349000002
5950,1275.224,2346.016263999999,1644.783,4850.515141000002
6000,1274.72,2331.902739999999,1643.345,4874.143425000001
6050,1274.3790000000001,2339.0782290000034,1642.6029999999998,4954.494920999999
6100,1273.873,2330.2651809999998,1642.159,5007.664828999999
6150,1273.508,2333.2091359999986,1641.0189999999998,5045.137768999999
6200,1273.179,2339.4227889999997,1640.154,5140.692043999999
6250,1272.6879999999999,2345.015516,1638.4,5024.135840000004
6300,1271.78,2355.0548200000003,1636.34,4962.950239999999
6350,1270.884,2317.5263639999966,1635.834,5003.505683999998
6400,1270.529,2316.459169,1634.02,5384.750200000001
6450,1269.815,2299.8151450000005,1633.465,5444.004325
6500,1269.15,2310.0494,1632.76,5593.654
6550,1268.641,2287.2856090000014,1631.133,5719.261641000002
6600,1267.337,2184.7223409999997,1630.4940000000001,5809.470643999999
6650,1266.861,2183.376809000002,1629.087,6061.996060999997
6700,1266.316,2186.2682039999995,1628.741,6155.764828999998
6750,1265.922,2200.151976,1628.579,6200.408789000002
6800,1265.502,2204.587036,1628.459,6231.700648999995
6850,1264.913,2211.901661000003,1628.4270000000001,6240.641001
6900,1263.8809999999999,2237.4455089999974,1628.4270000000001,6240.641001
6950,1263.551,2250.6478689999976,1628.4270000000001,6240.641001
7000,1262.809,2279.0671689999967,1628.4270000000001,6240.641001
7050,1262.2069999999999,2300.4026210000015,1628.4270000000001,6240.641001
7100,1261.8719999999998,2313.6078359999956,1628.4270000000001,6240.641001
7150,1261.51,2320.8398400000015,1628.4270000000001,6240.641001
7200,1261.164,2328.3516040000004,1628.4270000000001,6240.641001
7250,1260.658,2339.2455159999968,1628.4270000000001,6240.641001
7300,1260.3200000000002,2350.915839999999,1628.4270000000001,6240.641001
7350,1260.066,2367.842183999995,1628.4270000000001,6240.641001
7400,1259.8719999999998,2371.2663760000028,1628.4270000000001,6240.641001
7450,1259.462,2389.156596000002,1628.357,6259.117081000001
7500,1259.08,2405.4333400000028,1628.283,6278.7448410000015
7550,1258.8600000000001,2403.5763800000027,1628.149,6314.5378489999985
7600,1258.644,2402.537823999999,1628.1439999999998,6315.879663999998
7650,1257.857,2415.6697010000016,1628.025,6347.947664999999
7700,1257.431,2420.305588999996,1628.0,6354.7170399999995
7750,1257.027,2422.128100999997,1627.5939999999998,6355.432263999999
7800,1256.716,2437.322683999997,1627.2959999999998,6363.395484000002
7850,1256.583,2440.012781000001,1627.0369999999998,6378.433081000002
7900,1256.011,2462.167849000006,1626.59,6357.3388
7950,1255.384,2477.945544,1626.173,6325.767001000006
8000,1254.931,2486.7988690000034,1625.05,6328.4057999999995
8050,1254.602,2486.6999759999985,1622.211,6086.124828999997
8100,1253.929,2420.643688999998,1621.3809999999999,6216.498689000004
8150,1253.422,2436.914136,1621.062,6197.612736000002
8200,1252.474,2310.7358039999976,1618.273,6075.133241000003
8250,1251.423,2166.3650210000033,1617.057,5994.002501000004
8300,1249.7440000000001,1974.8632039999982,1616.583,5980.8501810000025
8350,1248.533,1855.1551410000004,1615.6399999999999,5981.115020000002
8400,1247.6380000000001,1779.8718360000025,1615.019,5985.082409000002
8450,1246.979,1744.6641489999988,1615.008,5984.089076000002
8500,1244.919,1563.556029000001,1615.008,5984.089076000002
8550,1242.6960000000001,1335.5638039999978,1613.651,5777.891569000002
8600,1241.777,1319.5261409999998,1612.4969999999998,5628.619361000003
8650,1240.851,1250.3480889999992,1609.009,5323.1612490000025
8700,1239.443,1178.6290609999976,1608.374,5291.114704000002
8750,1238.715,1136.2150249999993,1605.874,5235.484704000002
8800,1238.1380000000001,1110.2527760000003,1605.467,5237.076481000002
8850,1237.4389999999999,1076.5997890000015,1605.28,5216.954720000003
8900,1236.3110000000001,1038.9943090000002,1603.654,5142.555104000005
8950,1234.6870000000001,960.1982809999979,1599.896,4945.176304000003
9000,1233.977,925.0899410000007,1599.5049999999999,4940.649785000003
9050,1233.589,917.5308490000018,1599.331,4937.4098090000025
9100,1232.316,864.5284239999999,1599.136,4939.2095240000035
9150,1231.912,863.0104960000008,1598.5610000000001,4915.218629000001
9200,1231.59,856.6803200000006,1597.669,4823.503469000003
9250,1230.691,843.3820489999996,1595.55,4428.8041600000015
9300,1230.326,840.3493039999987,1595.161,4394.717769000003
9350,1229.909,830.6861489999992,1593.78,4218.987700000001
9400,1229.181,814.5319289999984,1592.401,4254.081269000001
9450,1228.768,815.0001159999994,1592.0049999999999,4233.407584999999
9500,1227.824,808.8115239999986,1591.501,4215.529649
9550,1226.105,763.8156249999986,1589.888,4298.942756000002
9600,1225.313,761.4000810000007,1589.143,4282.136901000003
9650,1224.738,745.0332759999995,1588.915,4288.4116250000025
9700,1224.059,724.3629489999992,1588.3319999999999,4316.873276000002
9750,1223.292,692.680596,1587.9379999999999,4329.751856000001
9800,1222.0,687.8990400000014,1587.679,4348.386609000001
9850,1221.285,702.6734049999999,1586.934,4356.687224
9900,1220.839,708.9865289999998,1586.65,4367.496200000003
9950,1220.267,729.804261,1584.584,4430.7125240000005
10000,1219.358,730.942675999999,1584.399,4436.723729000001
