generation,block,config,intra_diversity,global_diversity,inter_diversity
50,offload,noMig,0.01198992907311501,0.06029031574816579,0.04945045499381919
50,seq,noMig,0.0170191726156015,0.06197425735237422,0.04648844061791287
50,dev,noMig,0.02490955125438826,0.09362188972989448,0.07213795523270633
100,offload,noMig,0.005962130249446567,0.05899240054513884,0.05365115038618783
100,seq,noMig,0.003065364349254189,0.05689628816373629,0.05415347931214728
100,dev,noMig,0.02228867714648442,0.09334057436246809,0.07420539780023094
150,offload,noMig,0.00435096556788726,0.05952029407574844,0.0556390871162783
150,seq,noMig,0.001581315668212633,0.05618228192126821,0.05476931559553123
150,dev,noMig,0.0195983581530646,0.09228123462671697,0.0755059029222713
200,offload,noMig,0.001270586390950029,0.05885591852236994,0.05772771125349962
200,seq,noMig,0.001512698838730982,0.0564154149685611,0.05506460928283968
200,dev,noMig,0.0180831393964022,0.09190724400340454,0.07646238627914818
250,offload,noMig,0.0008731403915661391,0.0584849781154216,0.05770966802950349
250,seq,noMig,0.001817161524681609,0.05648048562046397,0.05485706217246562
250,dev,noMig,0.01768463151496952,0.09191285250059129,0.07682043579769382
300,offload,noMig,0.0005629025942458837,0.05860782635346549,0.05810842550027679
300,seq,noMig,0.001789774636909778,0.05649509693878291,0.05489627547078058
300,dev,noMig,0.01823798475716024,0.09145609739653068,0.07585859832037704
350,offload,noMig,0.0004292978218224802,0.05891899465976722,0.05853847705903222
350,seq,noMig,0.001923513318577264,0.0565121347765865,0.05479345719755867
350,dev,noMig,0.01868548640020937,0.09126978124753157,0.07526879812166692
400,offload,noMig,0.0001271903852266987,0.05906681910632262,0.05895418262454991
400,seq,noMig,0.002631679540442563,0.05666449259799093,0.05431057014659664
400,dev,noMig,0.0217447981951073,0.09162154861567683,0.07290198633183857
450,offload,noMig,7.592055434135826e-05,0.05904959487373262,0.05898236584466859
450,seq,noMig,0.002860548578250726,0.05668776330492326,0.05412810958908246
450,dev,noMig,0.02479469394951919,0.09147614768898002,0.06999364137838208
500,offload,noMig,7.213286728145408e-05,0.05906466315733967,0.05900079070939393
500,seq,noMig,0.003258155602376689,0.05677676960512155,0.05385961666779081
500,dev,noMig,0.02604771724848687,0.09139322540092017,0.06876410530581756
550,offload,noMig,8.696456056983408e-05,0.05908519426049808,0.0590081897396689
550,seq,noMig,0.003323760230175643,0.0567856667444102,0.05380944983296605
550,dev,noMig,0.02658141888678208,0.09133765422263447,0.0682172334931949
600,offload,noMig,9.237425321341053e-05,0.05912087037808435,0.05903908107996114
600,seq,noMig,0.004276706161943414,0.05711220058075524,0.05327819144798419
600,dev,noMig,0.02658454145680348,0.09133956916185584,0.06821638595484059
650,offload,noMig,6.105160260041296e-05,0.05918570637240313,0.05913166126987882
650,seq,noMig,0.005476125304014876,0.05734148504529542,0.0524230487919162
650,dev,noMig,0.02658686501400104,0.09133510765185564,0.06820956539896041
700,offload,noMig,6.175542083373209e-05,0.05920264023695884,0.05914797398221539
700,seq,noMig,0.006568535308144927,0.0575772919462485,0.05166798181183428
700,dev,noMig,0.02693870532580371,0.09121468896743955,0.06776022848269782
750,offload,noMig,6.207735851075697e-05,0.0592304872331163,0.05917553921603691
750,seq,noMig,0.007384838855030219,0.0578583663617601,0.05120797289064139
750,dev,noMig,0.02723804619568011,0.09114293730732277,0.06740976311449397
800,offload,noMig,4.792729149237309e-05,0.05919374296688688,0.05915131778825546
800,seq,noMig,0.007570146200169997,0.05797412668439123,0.05115604700582119
800,dev,noMig,0.0272882047749233,0.09128995748626449,0.0675184705114085
850,offload,noMig,4.746376732834399e-05,0.05917903498474476,0.05913701884121823
850,seq,noMig,0.007984635747457744,0.05809955240840277,0.05090420507980466
850,dev,noMig,0.02834879761315724,0.09132923641971649,0.06658315485153325
900,offload,noMig,4.738412869851303e-05,0.0591142458975923,0.05907229448125463
900,seq,noMig,0.007317168974888925,0.0580461848581766,0.05146024560573107
900,dev,noMig,0.0289635988725908,0.09128218476144642,0.06596537177783614
950,offload,noMig,5.627598234808004e-05,0.05917690680766824,0.05912708878801873
950,seq,noMig,0.008458906492743196,0.05830402388544882,0.05067747591532201
950,dev,noMig,0.02885475179858049,0.09119741767941407,0.06597652241502037
1000,offload,noMig,0.000253462738170839,0.05931470563906466,0.0590903089161833
1000,seq,noMig,0.008303754625546998,0.05839560226890845,0.05091269295770474
1000,dev,noMig,0.02885659533133972,0.09119876777240847,0.06597624319229227
1050,offload,noMig,6.010221559458063e-05,0.05932303250651427,0.05926984346533214
1050,seq,noMig,0.008486442718889447,0.05841050500353859,0.05076045179348467
1050,dev,noMig,0.02862767070121552,0.09093775086369615,0.06591232066867214
1100,offload,noMig,5.774834400526958e-05,0.05934754750603246,0.05929644448286169
1100,seq,noMig,0.009308936075601308,0.05859266208330564,0.05019079599656355
1100,dev,noMig,0.0286504798920958,0.09093688770603288,0.06589031651742561
1150,offload,noMig,5.774834400526958e-05,0.05934754750603246,0.05929644448286169
1150,seq,noMig,0.009427529931701333,0.05860256351591971,0.05009184368288543
1150,dev,noMig,0.02899702820501211,0.09085268465950674,0.06548063830382166
1200,offload,noMig,5.774834400526958e-05,0.05934754750603246,0.05929644448286169
1200,seq,noMig,0.01058618695195545,0.05879210070292882,0.04921732936417027
1200,dev,noMig,0.0292685829621604,0.09080280093610393,0.06517623306889501
1250,offload,noMig,5.774834400526958e-05,0.05934754750603246,0.05929644448286169
1250,seq,noMig,0.01072083978835704,0.05881324673380862,0.04911453705030729
1250,dev,noMig,0.02980912795029549,0.09073053425828675,0.06459790963106335
1300,offload,noMig,5.774834400526958e-05,0.05934754750603246,0.05929644448286169
1300,seq,noMig,0.0111127469824931,0.05886623663814849,0.04880630652019867
1300,dev,noMig,0.02966973428573049,0.09052630444042643,0.06451137003552948
1350,offload,noMig,5.774834400526958e-05,0.05934754750603246,0.05929644448286169
1350,seq,noMig,0.01183026418985962,0.05894182330396212,0.04821881899507577
1350,dev,noMig,0.02957043659931478,0.09050982397932068,0.0645862128976224
1400,offload,noMig,4.219516267649002e-05,0.0593228845525382,0.05928554411627474
1400,seq,noMig,0.0128928884896081,0.05908233006275009,0.04737495408639827
1400,dev,noMig,0.03025355382037218,0.09034992392668792,0.06378124893426487
1450,offload,noMig,6.00298984916445e-05,0.05934045394986161,0.05928733088286472
1450,seq,noMig,0.01342526819312401,0.05921959655873067,0.0470194433505236
1450,dev,noMig,0.03078137162341564,0.0902835663004045,0.06321840593205007
1500,offload,noMig,2.361847054236172e-05,0.05935231497185272,0.05933141596448491
1500,seq,noMig,0.0125867126118856,0.05897133720078421,0.04754623473007575
1500,dev,noMig,0.03200746238610534,0.09011329833067935,0.06188915902580528
1550,offload,noMig,2.361847054236172e-05,0.05935231497185272,0.05933141596448491
1550,seq,noMig,0.01311977539563451,0.05902870720894743,0.04710855625840029
1550,dev,noMig,0.03384473348485705,0.08999506051030376,0.06003094383446343
1600,offload,noMig,2.361847054236172e-05,0.05935231497185272,0.05933141596448491
1600,seq,noMig,0.01230964126505489,0.05892437604886309,0.04775580944907327
1600,dev,noMig,0.0361375457128641,0.08980641382397453,0.05764831442490941
1650,offload,noMig,2.361847054236172e-05,0.05935231497185272,0.05933141596448491
1650,seq,noMig,0.01319378246347765,0.05902215021888252,0.04703282379189649
1650,dev,noMig,0.0372020785046216,0.08957112260180281,0.05637577925651483
1700,offload,noMig,2.361847054236172e-05,0.05935231497185272,0.05933141596448491
1700,seq,noMig,0.01285600347268194,0.05902925081209664,0.04735490016265743
1700,dev,noMig,0.03820013890520395,0.08950854690765489,0.05534774384847167
1750,offload,noMig,2.361847054236172e-05,0.05935231497185272,0.05933141596448491
1750,seq,noMig,0.0130165013572131,0.05904384475972153,0.04722033971216869
1750,dev,noMig,0.03882140391280089,0.08940591069492229,0.0546370424842678
1800,offload,noMig,2.733183340101663e-05,0.05933085496904945,0.05930666888269302
1800,seq,noMig,0.01343802753173052,0.05908784441032092,0.04687234277511948
1800,dev,noMig,0.03928380483916493,0.08928154837071453,0.05405513789913585
1850,offload,noMig,2.440336792191446e-05,0.05931985494801755,0.05929825989418945
1850,seq,noMig,0.01430984495562481,0.05912601646355028,0.04609643574222267
1850,dev,noMig,0.03954501891995331,0.08928530529390688,0.05380581319770478
1900,offload,noMig,2.900070561865599e-05,0.05929225951671682,0.05926659444727704
1900,seq,noMig,0.01457167814806168,0.05917499659829143,0.04590146122285613
1900,dev,noMig,0.03999507966693092,0.08928938529777147,0.05337301966157258
1950,offload,noMig,2.210467636806264e-05,0.05933588731932377,0.05931632718005745
1950,seq,noMig,0.01478434804829794,0.05919057785459927,0.04571804519911596
1950,dev,noMig,0.0403786994356399,0.08907528376036071,0.05276821428990799
2000,offload,noMig,2.318477972272684e-05,0.05936849416684502,0.05934797963753487
2000,seq,noMig,0.01527455491139591,0.05924212819379435,0.04531077554960582
2000,dev,noMig,0.04115973445306945,0.08909511191125408,0.05202745871366397
2050,offload,noMig,2.203272035553538e-05,0.05949079917541927,0.0594713091328402
2050,seq,noMig,0.01548891769206097,0.05926525654608494,0.04513303242449059
2050,dev,noMig,0.04117748769784329,0.0890462709466196,0.0519572061015872
2100,offload,noMig,2.165822204148373e-05,0.05950688664519836,0.05948772855144465
2100,seq,noMig,0.01571768499252554,0.0593844023369076,0.04504054330515823
2100,dev,noMig,0.0415497412847677,0.08898118749230216,0.05152244908579125
2150,offload,noMig,2.354089005518163e-05,0.05950171715817396,0.0594808934181852
2150,seq,noMig,0.01582908435887015,0.05939507329170691,0.04494666040639352
2150,dev,noMig,0.04181227859484343,0.08896649168173197,0.05124926876207848
2200,offload,noMig,4.999572484495344e-05,0.05954349722618801,0.05949927379538905
2200,seq,noMig,0.01582908435887015,0.05939507329170691,0.04494666040639352
2200,dev,noMig,0.04192208618544375,0.08894293337602839,0.0511160337435216
2250,offload,noMig,5.483971126709533e-05,0.05951389175602362,0.05946538009467978
2250,seq,noMig,0.01616256658736465,0.05951275249703127,0.04475381106935314
2250,dev,noMig,0.04221338906793704,0.08891989118137575,0.05080511141031958
2300,offload,noMig,0.0001065055423871476,0.0594960157095961,0.05940178699763909
2300,seq,noMig,0.01619392090115925,0.05951349962434276,0.04472502159892148
2300,dev,noMig,0.04221427948079701,0.08891344858957891,0.05079724396865884
2350,offload,noMig,4.787068296940534e-05,0.05949811448931482,0.05945576683984625
2350,seq,noMig,0.01555423978422031,0.05949704140676496,0.04531040785214238
2350,dev,noMig,0.04205144359473044,0.08881849688002094,0.05085409195628026
2400,offload,noMig,6.228415788362692e-05,0.05946682318018853,0.05941171978861187
2400,seq,noMig,0.01402246620535664,0.0593924388548201,0.0466391212651892
2400,dev,noMig,0.04205914440865741,0.08882091961189449,0.05084916076327883
2450,offload,noMig,4.693048496551827e-05,0.0595020400000407,0.0594605244964649
2450,seq,noMig,0.01429112597178763,0.05941272192585525,0.04640865542079611
2450,dev,noMig,0.04246590948613194,0.0887175776904979,0.05033725892170781
2500,offload,noMig,4.789402829268503e-05,0.05953062950239702,0.05948826412865729
2500,seq,noMig,0.01447759481286329,0.05943011752918551,0.04625196160877904
2500,dev,noMig,0.04252732843197977,0.08870747918071431,0.05026586942964349
2550,offload,noMig,4.641821285760273e-05,0.05953195790158108,0.05949089821588587
2550,seq,noMig,0.01449980229497421,0.0594338305041982,0.04623498002288187
2550,dev,noMig,0.04262829676319736,0.08876542165143192,0.0502294527576332
2600,offload,noMig,4.661084257288822e-05,0.05947998389977884,0.0594387492488623
2600,seq,noMig,0.01451996962486803,0.05943917550928922,0.04622158616661748
2600,dev,noMig,0.04262891625922092,0.08875943217696376,0.05022233627459956
2650,offload,noMig,4.791495438862623e-05,0.05946380388794952,0.05942141397842519
2650,seq,noMig,0.01452271561883093,0.05943941637934372,0.04621926167585998
2650,dev,noMig,0.0428955157251619,0.08874538426546692,0.04994453380715082
2700,offload,noMig,4.830431906440615e-05,0.05949147036577107,0.05944873847082829
2700,seq,noMig,0.01454357858990679,0.05944088186290371,0.04620122539778498
2700,dev,noMig,0.04289667169935549,0.08874190523193706,0.04993961317243947
2750,offload,noMig,5.276107032027751e-05,0.05946545649219938,0.05941877899452324
2750,seq,noMig,0.01455714619208833,0.05944067726282967,0.0461883047576778
2750,dev,noMig,0.04304753372831458,0.08868637074897351,0.04973053287934269
2800,offload,noMig,5.056997621794545e-05,0.05944352296276245,0.05939878202037608
2800,seq,noMig,0.01457353424703936,0.05944481723564955,0.0461772089718393
2800,dev,noMig,0.04313059718409856,0.08862427587631048,0.04958108246438502
2850,offload,noMig,4.932583529630929e-05,0.05939508660579797,0.05935144200676043
2850,seq,noMig,0.01457954526317001,0.05944592788380724,0.04617271948137099
2850,dev,noMig,0.04355789436220053,0.08846610604505378,0.04898698522093461
2900,offload,noMig,4.837949446860392e-05,0.0593908325782366,0.05934802501407511
2900,seq,noMig,0.0152377286160834,0.05953948970523432,0.0456515971294038
2900,dev,noMig,0.04372740086012916,0.08841911036111488,0.0487681655429047
2950,offload,noMig,3.665563679701395e-05,0.05930058726505607,0.05926814782043967
2950,seq,noMig,0.01514930224855929,0.05954283186659164,0.04573807215572238
2950,dev,noMig,0.04395560904743423,0.08831348717857157,0.04842718256089992
3000,offload,noMig,2.168750734780208e-05,0.0592260881514231,0.05920689269466223
3000,seq,noMig,0.01568111967759643,0.05973871851321917,0.0454401363106943
3000,dev,noMig,0.04402133102231918,0.08823652843126722,0.04827821327073239
3050,offload,noMig,2.252577528761472e-05,0.05916753202940284,0.05914759211326542
3050,seq,noMig,0.01614675452818854,0.05979728755895043,0.0450622419057204
3050,dev,noMig,0.04406240439255407,0.08813237917008722,0.04812401306651731
3100,offload,noMig,4.854336390263485e-05,0.05915734227505733,0.05911436837322786
3100,seq,noMig,0.01667561673774823,0.05984180079329709,0.04460944846542083
3100,dev,noMig,0.04418426263471974,0.08806065534574727,0.04792498157966129
3150,offload,noMig,3.987294053125038e-05,0.05910103387753982,0.05906573199555906
3150,seq,noMig,0.01621645752530514,0.0598017643423822,0.04500118551982028
3150,dev,noMig,0.04424346263798851,0.08800166164153193,0.0478019279044359
3200,offload,noMig,5.515720089636868e-05,0.05911491799549406,0.05906608404265951
3200,seq,noMig,0.01671227604833119,0.05985627764614278,0.04458979066695575
3200,dev,noMig,0.04429720141888525,0.08778994116269402,0.04751775774465798
3250,offload,noMig,3.235560191651585e-05,0.05912763386839558,0.05909898957036068
3250,seq,noMig,0.01722713641076844,0.05992421292677785,0.04417343899566053
3250,dev,noMig,0.04434979277708628,0.08773890370823662,0.04740986493109331
3300,offload,noMig,3.235560191651585e-05,0.05912763386839558,0.05909898957036068
3300,seq,noMig,0.01730618564956991,0.05992654443968468,0.04410106398215596
3300,dev,noMig,0.04435227867149354,0.08766779522196683,0.04732985969682484
3350,offload,noMig,2.023057859243007e-05,0.05913074307653558,0.05911283355791676
3350,seq,noMig,0.01738921534635219,0.05993985150658332,0.04403624848677427
3350,dev,noMig,0.04440947651971945,0.08770364322009692,0.04731210357684714
3400,offload,noMig,3.7885722317902e-05,0.0591238167244987,0.05909027599858188
3400,seq,noMig,0.0175049194094464,0.05994631244471852,0.04393339227661298
3400,dev,noMig,0.04442065002973804,0.08766798901127866,0.0472621153602074
3450,offload,noMig,2.811489263447753e-05,0.05914060851830016,0.05911571939628334
3450,seq,noMig,0.01731054064546965,0.05990399085098332,0.0440736236670979
3450,dev,noMig,0.04442361770617527,0.08766162149258622,0.04725222121823007
3500,offload,noMig,1.938331032005717e-05,0.05915489792278861,0.05913773937439513
3500,seq,noMig,0.0173939596155899,0.05991320155076574,0.04400419843737822
3500,dev,noMig,0.04442853974069748,0.08765596498835672,0.04724115948640828
3550,offload,noMig,1.934600631861134e-05,0.05920282267823196,0.0591856988980823
3550,seq,noMig,0.0173939596155899,0.05991320155076574,0.04400419843737822
3550,dev,noMig,0.04442595435500756,0.08765448486039634,0.04724211550446648
3600,offload,noMig,2.042245927688305e-05,0.05920487967490772,0.05918680313247344
3600,seq,noMig,0.01597914716716902,0.05918950526928045,0.04459330790838609
3600,dev,noMig,0.04446637669966613,0.08764548436325652,0.04719211132670902
3650,offload,noMig,2.356602862734765e-05,0.05914491355959719,0.05912405176142505
3650,seq,noMig,0.01597511361977704,0.05918620241746544,0.044593704150153
3650,dev,noMig,0.04477365854103913,0.08752260299964715,0.04675227694497096
3700,offload,noMig,2.302879787976789e-05,0.05909221653471557,0.05907182805692801
3700,seq,noMig,0.01606808795288407,0.05920362755821876,0.04452401600481767
3700,dev,noMig,0.0450678992351887,0.08749035332514564,0.04642385584239977
3750,offload,noMig,2.207462599438422e-05,0.05911622516586915,0.05909668249488922
3750,seq,noMig,0.01552694276866656,0.05911778761521789,0.04494531538938779
3750,dev,noMig,0.04531569871918462,0.08746168464846193,0.04614530794361959
3800,offload,noMig,2.57782981986426e-05,0.05905443316720826,0.05903160847265951
3800,seq,noMig,0.01563855385852412,0.05911442606841977,0.04483678723207532
3800,dev,noMig,0.04547821421809724,0.08744279794559086,0.04596237683918653
3850,offload,noMig,2.43608718791654e-05,0.05908751889856211,0.05906595080188642
3850,seq,noMig,0.01563855385852412,0.05911442606841977,0.04483678723207532
3850,dev,noMig,0.04549241618622395,0.08745714386145861,0.04596386905620228
3900,offload,noMig,2.587727936488517e-05,0.05913285533288356,0.05910994681284455
3900,seq,noMig,0.01563855385852412,0.05911442606841977,0.04483678723207532
3900,dev,noMig,0.04549241618622395,0.08745714386145861,0.04596386905620228
3950,offload,noMig,2.499264677507971e-05,0.05911962543127962,0.05909749947050367
3950,seq,noMig,0.01563855385852412,0.05911442606841977,0.04483678723207532
3950,dev,noMig,0.04550155892081766,0.08743668644711704,0.04593237461965872
4000,offload,noMig,2.468042818110583e-05,0.05910895770514654,0.05908710766889549
4000,seq,noMig,0.01576556178195151,0.05918877958005047,0.04479381811313118
4000,dev,noMig,0.04555033734105571,0.08739104452169713,0.04583374201114173
4050,offload,noMig,2.613524397314592e-05,0.05908569241642186,0.05906255319540753
4050,seq,noMig,0.01577867218542509,0.05919051751515815,0.04478326088890788
4050,dev,noMig,0.04555033734105571,0.08739104452169713,0.04583374201114173
4100,offload,noMig,3.82271163411275e-05,0.05908127461890494,0.05904742856939042
4100,seq,noMig,0.0158409652537215,0.05920806519727772,0.04474266935794289
4100,dev,noMig,0.04564340104151758,0.08733903705068279,0.04568385237420707
4150,offload,noMig,3.531235731201743e-05,0.05907265293272632,0.05904138719651952
4150,seq,noMig,0.01588279475677104,0.05921463479394422,0.04471003101860727
4150,dev,noMig,0.04564497942479003,0.08732447495141918,0.04566635234992201
4200,offload,noMig,3.531235731201743e-05,0.05907265293272632,0.05904138719651952
4200,seq,noMig,0.01588279475677104,0.05921463479394422,0.04471003101860727
4200,dev,noMig,0.04564675593524399,0.08732260758766784,0.04566253418272759
4250,offload,noMig,3.531235731201743e-05,0.05907265293272632,0.05904138719651952
4250,seq,noMig,0.01588279475677104,0.05921463479394422,0.04471003101860727
4250,dev,noMig,0.04564526513303081,0.08731868247022827,0.04565973331607607
4300,offload,noMig,3.531235731201743e-05,0.05907265293272632,0.05904138719651952
4300,seq,noMig,0.01588279475677104,0.05921463479394422,0.04471003101860727
4300,dev,noMig,0.04564556701095042,0.08731164743508472,0.04565173952506751
4350,offload,noMig,3.531235731201743e-05,0.05907265293272632,0.05904138719651952
4350,seq,noMig,0.01579042214808185,0.05921304223668814,0.04479541340063475
4350,dev,noMig,0.04564556701095042,0.08731164743508472,0.04565173952506751
4400,offload,noMig,3.531235731201743e-05,0.05907265293272632,0.05904138719651952
4400,seq,noMig,0.01582057416015996,0.05921735285087446,0.04477145467846783
4400,dev,noMig,0.04564611380952341,0.08731021013538917,0.04564962122486048
4450,offload,noMig,3.531235731201743e-05,0.05907265293272632,0.05904138719651952
4450,seq,noMig,0.01582057416015996,0.05921735285087446,0.04477145467846783
4450,dev,noMig,0.04564171952362697,0.08729703954271184,0.04563961515849455
4500,offload,noMig,3.531235731201743e-05,0.05907265293272632,0.05904138719651952
4500,seq,noMig,0.01582057416015996,0.05921735285087446,0.04477145467846783
4500,dev,noMig,0.04564404329060659,0.08729473947034834,0.04563477653461782
4550,offload,noMig,3.531235731201743e-05,0.05907265293272632,0.05904138719651952
4550,seq,noMig,0.01582057416015996,0.05921735285087446,0.04477145467846783
4550,dev,noMig,0.04564385590018533,0.08729223540803722,0.04563222605673761
4600,offload,noMig,3.919767540404075e-05,0.05908231721841043,0.05904761185350814
4600,seq,noMig,0.01582057416015996,0.05921735285087446,0.04477145467846783
4600,dev,noMig,0.04564452663633264,0.08729037033015334,0.04562951607586607
4650,offload,noMig,2.992118338377715e-05,0.05911989710837109,0.05909340768183131
4650,seq,noMig,0.01582057416015996,0.05921735285087446,0.04477145467846783
4650,dev,noMig,0.04564310757606509,0.08728798875820927,0.04562833123519772
4700,offload,noMig,2.992118338377715e-05,0.05911989710837109,0.05909340768183131
4700,seq,noMig,0.01558874284999399,0.05920566832743581,0.04497770543479591
4700,dev,noMig,0.04564310757606509,0.08728798875820927,0.04562833123519772
4750,offload,noMig,3.326855609816108e-05,0.05912155208577706,0.05909209911972754
4750,seq,noMig,0.01562967918076805,0.05920759710761526,0.0449411614377142
4750,dev,noMig,0.04564453615951636,0.08728591658249199,0.04562463693940569
4800,offload,noMig,3.033057775488975e-05,0.05910563741870038,0.05907878471727475
4800,seq,noMig,0.01571783603767802,0.05921122582070379,0.04486190209459199
4800,dev,noMig,0.04585761778831337,0.08726620248021102,0.04538988667782036
4850,offload,noMig,3.033057775488975e-05,0.05910563741870038,0.05907878471727475
4850,seq,noMig,0.01572280349037139,0.05921062974681995,0.04485661000578944
4850,dev,noMig,0.04585749434862923,0.0872683715832384,0.04539238294392299
4900,offload,noMig,3.033057775488975e-05,0.05910563741870038,0.05907878471727475
4900,seq,noMig,0.01572280349037139,0.05921062974681995,0.04485661000578944
4900,dev,noMig,0.04612282252042944,0.08722983833855752,0.0450844744986378
4950,offload,noMig,3.033057775488975e-05,0.05910563741870038,0.05907878471727475
4950,seq,noMig,0.01555959677771857,0.05919475140654293,0.04499388663569871
4950,dev,noMig,0.04650251554380411,0.08703817061104013,0.04449370553257701
5000,offload,noMig,4.178133438088045e-05,0.05909313060115418,0.05905613834629413
5000,seq,noMig,0.01560131766537926,0.05920399008682806,0.04496414051122814
5000,dev,noMig,0.04662733608800446,0.08698148710508752,0.04430621960040203
5050,offload,noMig,4.750701369737916e-05,0.05906645606009206,0.05902439156492199
5050,seq,noMig,0.01566220373987735,0.05921986732206889,0.04492318898940986
5050,dev,noMig,0.04662733608800446,0.08698148710508752,0.04430621960040203
5100,offload,noMig,4.750701369737916e-05,0.05906645606009206,0.05902439156492199
5100,seq,noMig,0.01567827623830111,0.05922170779119883,0.04490995425391133
5100,dev,noMig,0.04666774511154696,0.08697906909073545,0.04426296056541872
5150,offload,noMig,2.933462271640971e-05,0.05904133379636218,0.0590153593482861
5150,seq,noMig,0.01567827623830111,0.05922170779119883,0.04490995425391133
5150,dev,noMig,0.04664361713888992,0.08694025200907581,0.04424467706421178
5200,offload,noMig,2.923063267159717e-05,0.05904117492703475,0.05901529255380546
5200,seq,noMig,0.01567827623830111,0.05922170779119883,0.04490995425391133
5200,dev,noMig,0.04663369675463708,0.0868800820039024,0.04418871961147864
5250,offload,noMig,2.919307719721797e-05,0.05905005780602107,0.05902420917635988
5250,seq,noMig,0.01567827623830111,0.05922170779119883,0.04490995425391133
5250,dev,noMig,0.04663518618645969,0.08688090862277778,0.04418812824852776
5300,offload,noMig,2.919307719721797e-05,0.05905005780602107,0.05902420917635988
5300,seq,noMig,0.01575125318133428,0.05923736171620514,0.04485737348734667
5300,dev,noMig,0.04663518618645969,0.08688090862277778,0.04418812824852776
5350,offload,noMig,2.919307719721797e-05,0.05905005780602107,0.05902420917635988
5350,seq,noMig,0.01579344906394219,0.05923855006287862,0.04481885802864956
5350,dev,noMig,0.04663518618645969,0.08688090862277778,0.04418812824852776
5400,offload,noMig,2.919307719721797e-05,0.05905005780602107,0.05902420917635988
5400,seq,noMig,0.01581485857916656,0.05923300715763555,0.0447929774430466
5400,dev,noMig,0.04663574117369765,0.08688358110040156,0.0441904986334564
5450,offload,noMig,2.919307719721797e-05,0.05905005780602107,0.05902420917635988
5450,seq,noMig,0.01581485857916656,0.05923300715763555,0.0447929774430466
5450,dev,noMig,0.04663574117369765,0.08688358110040156,0.0441904986334564
5500,offload,noMig,2.919307719721797e-05,0.05905005780602107,0.05902420917635988
5500,seq,noMig,0.01581485857916656,0.05923300715763555,0.0447929774430466
5500,dev,noMig,0.04663574117369765,0.08688358110040156,0.0441904986334564
5550,offload,noMig,2.919307719721797e-05,0.05905005780602107,0.05902420917635988
5550,seq,noMig,0.01581485857916656,0.05923300715763555,0.0447929774430466
5550,dev,noMig,0.04663574117369765,0.08688358110040156,0.0441904986334564
5600,offload,noMig,2.919307719721797e-05,0.05905005780602107,0.05902420917635988
5600,seq,noMig,0.01581485857916656,0.05923300715763555,0.0447929774430466
5600,dev,noMig,0.04663574117369765,0.08688358110040156,0.0441904986334564
5650,offload,noMig,2.919307719721797e-05,0.05905005780602107,0.05902420917635988
5650,seq,noMig,0.01581485857916656,0.05923300715763555,0.0447929774430466
5650,dev,noMig,0.04663574117369765,0.08688358110040156,0.0441904986334564
5700,offload,noMig,2.919307719721797e-05,0.05905005780602107,0.05902420917635988
5700,seq,noMig,0.01581485857916656,0.05923300715763555,0.0447929774430466
5700,dev,noMig,0.04667098814445295,0.08684278418571573,0.04411036354546283
5750,offload,noMig,2.919307719721797e-05,0.05905005780602107,0.05902420917635988
5750,seq,noMig,0.01581485857916656,0.05923300715763555,0.0447929774430466
5750,dev,noMig,0.04667098814445295,0.08684278418571573,0.04411036354546283
5800,offload,noMig,2.919307719721797e-05,0.05905005780602107,0.05902420917635988
5800,seq,noMig,0.01581485857916656,0.05923300715763555,0.0447929774430466
5800,dev,noMig,0.04667098814445295,0.08684278418571573,0.04411036354546283
5850,offload,noMig,2.919307719721797e-05,0.05905005780602107,0.05902420917635988
5850,seq,noMig,0.01581485857916656,0.05923300715763555,0.0447929774430466
5850,dev,noMig,0.04667098814445295,0.08684278418571573,0.04411036354546283
5900,offload,noMig,2.919307719721797e-05,0.05905005780602107,0.05902420917635988
5900,seq,noMig,0.01561006620888502,0.05921836679827688,0.04497072141386466
5900,dev,noMig,0.04667098814445295,0.08684278418571573,0.04411036354546283
5950,offload,noMig,2.919307719721797e-05,0.05905005780602107,0.05902420917635988
5950,seq,noMig,0.01563659293778183,0.05922232671204452,0.04494983312320165
5950,dev,noMig,0.04667098814445295,0.08684278418571573,0.04411036354546283
6000,offload,noMig,2.919307719721797e-05,0.05905005780602107,0.05902420917635988
6000,seq,noMig,0.01567237131497339,0.05922432561125715,0.04491821164137503
6000,dev,noMig,0.04669279966424882,0.08685869487530434,0.04410586913516236
6050,offload,noMig,2.919307719721797e-05,0.05905005780602107,0.05902420917635988
6050,seq,noMig,0.01567343123142992,0.05922508086399878,0.04491799216937351
6050,dev,noMig,0.04669335036446201,0.08685801534220178,0.04410457078706906
6100,offload,noMig,2.919307719721797e-05,0.05905005780602107,0.05902420917635988
6100,seq,noMig,0.01567343123142992,0.05922508086399878,0.04491799216937351
6100,dev,noMig,0.04673874676147425,0.08683099214570547,0.04402930738251733
6150,offload,noMig,2.919307719721797e-05,0.05905005780602107,0.05902420917635988
6150,seq,noMig,0.01567343123142992,0.05922508086399878,0.04491799216937351
6150,dev,noMig,0.04673874676147425,0.08683099214570547,0.04402930738251733
6200,offload,noMig,2.919307719721797e-05,0.05905005780602107,0.05902420917635988
6200,seq,noMig,0.01567343123142992,0.05922508086399878,0.04491799216937351
6200,dev,noMig,0.04673874676147425,0.08683099214570547,0.04402930738251733
6250,offload,noMig,2.919307719721797e-05,0.05905005780602107,0.05902420917635988
6250,seq,noMig,0.01567343123142992,0.05922508086399878,0.04491799216937351
6250,dev,noMig,0.04673864719144688,0.08682989944239015,0.04402820998211197
6300,offload,noMig,2.919307719721797e-05,0.05905005780602107,0.05902420917635988
6300,seq,noMig,0.01567343123142992,0.05922508086399878,0.04491799216937351
6300,dev,noMig,0.04673864719144688,0.08682989944239015,0.04402820998211197
6350,offload,noMig,2.919307719721797e-05,0.05905005780602107,0.05902420917635988
6350,seq,noMig,0.01553395416464943,0.0592027355850732,0.04502624414427048
6350,dev,noMig,0.04673864719144688,0.08682989944239015,0.04402820998211197
6400,offload,noMig,2.919307719721797e-05,0.05905005780602107,0.05902420917635988
6400,seq,noMig,0.01585770400502492,0.05927668985710796,0.04479765222657346
6400,dev,noMig,0.04673864719144688,0.08682989944239015,0.04402820998211197
6450,offload,noMig,2.919307719721797e-05,0.05905005780602107,0.05902420917635988
6450,seq,noMig,0.015891817151551,0.0592813278364265,0.04477029583589553
6450,dev,noMig,0.04673943559470619,0.08683144967104292,0.04402911604809086
6500,offload,noMig,2.919307719721797e-05,0.05905005780602107,0.05902420917635988
6500,seq,noMig,0.015891817151551,0.0592813278364265,0.04477029583589553
6500,dev,noMig,0.04673943559470619,0.08683144967104292,0.04402911604809086
6550,offload,noMig,2.919307719721797e-05,0.05905005780602107,0.05902420917635988
6550,seq,noMig,0.015891817151551,0.0592813278364265,0.04477029583589553
6550,dev,noMig,0.04673943559470619,0.08683144967104292,0.04402911604809086
6600,offload,noMig,2.919307719721797e-05,0.05905005780602107,0.05902420917635988
6600,seq,noMig,0.015891817151551,0.0592813278364265,0.04477029583589553
6600,dev,noMig,0.04673943559470619,0.08683144967104292,0.04402911604809086
6650,offload,noMig,2.919307719721797e-05,0.05905005780602107,0.05902420917635988
6650,seq,noMig,0.015891817151551,0.0592813278364265,0.04477029583589553
6650,dev,noMig,0.04673943559470619,0.08683144967104292,0.04402911604809086
6700,offload,noMig,2.919307719721797e-05,0.05905005780602107,0.05902420917635988
6700,seq,noMig,0.015891817151551,0.0592813278364265,0.04477029583589553
6700,dev,noMig,0.04673943559470619,0.08683144967104292,0.04402911604809086
6750,offload,noMig,2.919307719721797e-05,0.05905005780602107,0.05902420917635988
6750,seq,noMig,0.015891817151551,0.0592813278364265,0.04477029583589553
6750,dev,noMig,0.04673943559470619,0.08683144967104292,0.04402911604809086
6800,offload,noMig,2.919307719721797e-05,0.05905005780602107,0.05902420917635988
6800,seq,noMig,0.015891817151551,0.0592813278364265,0.04477029583589553
6800,dev,noMig,0.04673943559470619,0.08683144967104292,0.04402911604809086
6850,offload,noMig,2.919307719721797e-05,0.05905005780602107,0.05902420917635988
6850,seq,noMig,0.015891817151551,0.0592813278364265,0.04477029583589553
6850,dev,noMig,0.04673943559470619,0.08683144967104292,0.04402911604809086
6900,offload,noMig,2.919307719721797e-05,0.05905005780602107,0.05902420917635988
6900,seq,noMig,0.015891817151551,0.0592813278364265,0.04477029583589553
6900,dev,noMig,0.04674091075402367,0.08683147692555372,0.04402766235332278
6950,offload,noMig,2.919307719721797e-05,0.05905005780602107,0.05902420917635988
6950,seq,noMig,0.015891817151551,0.0592813278364265,0.04477029583589553
6950,dev,noMig,0.04674278873128329,0.08682871943715624,0.04402275159470551
7000,offload,noMig,2.919307719721797e-05,0.05905005780602107,0.05902420917635988
7000,seq,noMig,0.015891817151551,0.0592813278364265,0.04477029583589553
7000,dev,noMig,0.04675146077650717,0.08682494595204809,0.0440098942039401
7050,offload,noMig,2.919307719721797e-05,0.05905005780602107,0.05902420917635988
7050,seq,noMig,0.015891817151551,0.0592813278364265,0.04477029583589553
7050,dev,noMig,0.0467537645376658,0.08682229708714427,0.04400467406988701
7100,offload,noMig,2.919307719721797e-05,0.05905005780602107,0.05902420917635988
7100,seq,noMig,0.015891817151551,0.0592813278364265,0.04477029583589553
7100,dev,noMig,0.0467595012547839,0.08682731264498372,0.04400440114163189
7150,offload,noMig,2.919307719721797e-05,0.05905005780602107,0.05902420917635988
7150,seq,noMig,0.015891817151551,0.0592813278364265,0.04477029583589553
7150,dev,noMig,0.04676353666583555,0.08683172562046922,0.0440051789457192
7200,offload,noMig,2.919307719721797e-05,0.05905005780602107,0.05902420917635988
7200,seq,noMig,0.015891817151551,0.0592813278364265,0.04477029583589553
7200,dev,noMig,0.04676353666583555,0.08683172562046922,0.0440051789457192
7250,offload,noMig,2.919307719721797e-05,0.05905005780602107,0.05902420917635988
7250,seq,noMig,0.015891817151551,0.0592813278364265,0.04477029583589553
7250,dev,noMig,0.04676625001527486,0.08683037423152509,0.04400096872781572
7300,offload,noMig,2.919307719721797e-05,0.05905005780602107,0.05902420917635988
7300,seq,noMig,0.015891817151551,0.0592813278364265,0.04477029583589553
7300,dev,noMig,0.04676625001527486,0.08683037423152509,0.04400096872781572
7350,offload,noMig,2.919307719721797e-05,0.05905005780602107,0.05902420917635988
7350,seq,noMig,0.015891817151551,0.0592813278364265,0.04477029583589553
7350,dev,noMig,0.04676625001527486,0.08683037423152509,0.04400096872781572
7400,offload,noMig,2.919307719721797e-05,0.05905005780602107,0.05902420917635988
7400,seq,noMig,0.015891817151551,0.0592813278364265,0.04477029583589553
7400,dev,noMig,0.04677356428738046,0.08683279752872483,0.04399626782750735
7450,offload,noMig,2.919307719721797e-05,0.05905005780602107,0.05902420917635988
7450,seq,noMig,0.015891817151551,0.0592813278364265,0.04477029583589553
7450,dev,noMig,0.04677356428738046,0.08683279752872483,0.04399626782750735
7500,offload,noMig,2.919307719721797e-05,0.05905005780602107,0.05902420917635988
7500,seq,noMig,0.015891817151551,0.0592813278364265,0.04477029583589553
7500,dev,noMig,0.04677259916913475,0.08683089904660478,0.04399515780510046
7550,offload,noMig,2.919307719721797e-05,0.05905005780602107,0.05902420917635988
7550,seq,noMig,0.015891817151551,0.0592813278364265,0.04477029583589553
7550,dev,noMig,0.04677259916913475,0.08683089904660478,0.04399515780510046
7600,offload,noMig,2.919307719721797e-05,0.05905005780602107,0.05902420917635988
7600,seq,noMig,0.015891817151551,0.0592813278364265,0.04477029583589553
7600,dev,noMig,0.04677306191780346,0.08683206602737141,0.04399597138874253
7650,offload,noMig,2.919307719721797e-05,0.05905005780602107,0.05902420917635988
7650,seq,noMig,0.015891817151551,0.0592813278364265,0.04477029583589553
7650,dev,noMig,0.04677306191780346,0.08683206602737141,0.04399597138874253
7700,offload,noMig,2.919307719721797e-05,0.05905005780602107,0.05902420917635988
7700,seq,noMig,0.015891817151551,0.0592813278364265,0.04477029583589553
7700,dev,noMig,0.04677381247230691,0.0868331302243547,0.04399638283545446
7750,offload,noMig,2.919307719721797e-05,0.05905005780602107,0.05902420917635988
7750,seq,noMig,0.015891817151551,0.0592813278364265,0.04477029583589553
7750,dev,noMig,0.04677381247230691,0.0868331302243547,0.04399638283545446
7800,offload,noMig,2.919307719721797e-05,0.05905005780602107,0.05902420917635988
7800,seq,noMig,0.015891817151551,0.0592813278364265,0.04477029583589553
7800,dev,noMig,0.04677381247230691,0.0868331302243547,0.04399638283545446
7850,offload,noMig,2.919307719721797e-05,0.05905005780602107,0.05902420917635988
7850,seq,noMig,0.015891817151551,0.0592813278364265,0.04477029583589553
7850,dev,noMig,0.04677381247230691,0.0868331302243547,0.04399638283545446
7900,offload,noMig,3.534140374665829e-05,0.05904592739716175,0.05901463416371124
7900,seq,noMig,0.01590239015778528,0.05928552547875737,0.04476466227245824
7900,dev,noMig,0.04677353169649235,0.08682958394711815,0.04399277845782734
7950,offload,noMig,2.919307719721797e-05,0.05903908208707353,0.05901323285437739
7950,seq,noMig,0.01596763511966762,0.05929977263290939,0.04471787252599742
7950,dev,noMig,0.04680095397023661,0.08683053198909564,0.04396623350212171
8000,offload,noMig,2.919307719721797e-05,0.05903908208707353,0.05901323285437739
8000,seq,noMig,0.01602305806328264,0.05931038637639415,0.04467658157029512
8000,dev,noMig,0.04680095397023661,0.08683053198909564,0.04396623350212171
8050,offload,noMig,2.915151711691072e-05,0.05903801596851736,0.05901220347910106
8050,seq,noMig,0.01605007044525665,0.05931364849011776,0.04465448268831693
8050,dev,noMig,0.0468019422935923,0.08683136117292636,0.0439661481462959
8100,offload,noMig,3.761297226335202e-05,0.05903009626603969,0.0589967903926389
8100,seq,noMig,0.01614525629412939,0.05933448545870899,0.04458622906442038
8100,dev,noMig,0.04685024593057163,0.08682857530024055,0.04391449787304929
8150,offload,noMig,3.129799388739166e-05,0.05903328492450376,0.05900557142256981
8150,seq,noMig,0.01592975557283131,0.0593316052110691,0.04478639290164693
8150,dev,noMig,0.04685024593057163,0.08682857530024055,0.04391449787304929
8200,offload,noMig,3.795686547906752e-05,0.05908332887438213,0.05904972226766438
8200,seq,noMig,0.01600134495884494,0.05933711098018818,0.04472460897952918
8200,dev,noMig,0.04691501624144898,0.08687754142466012,0.0439030028147394
8250,offload,noMig,2.913338417688012e-05,0.05902861046238192,0.05900281351414587
8250,seq,noMig,0.01605027370059386,0.05933621421721308,0.04467756559155876
8250,dev,noMig,0.04691501624144898,0.08687754142466012,0.0439030028147394
8300,offload,noMig,3.700118565620954e-05,0.05902041131494647,0.05898764653630329
8300,seq,noMig,0.01605568597794449,0.05933705468412648,0.04467333048473213
8300,dev,noMig,0.04691554471717996,0.0868772910153737,0.04390219645847412
8350,offload,noMig,3.23338496632864e-05,0.0590321855175393,0.05900355466969272
8350,seq,noMig,0.01590589167908101,0.05933333056133344,0.04481065571889618
8350,dev,noMig,0.04691554471717996,0.0868772910153737,0.04390219645847412
8400,offload,noMig,2.913338417688012e-05,0.05905193921166017,0.05902614354255192
8400,seq,noMig,0.01596487832086389,0.05934450602693401,0.04476660126685251
8400,dev,noMig,0.04691554471717996,0.0868772910153737,0.04390219645847412
8450,offload,noMig,4.19698761766783e-05,0.05902497577595001,0.05898781119324716
8450,seq,noMig,0.01599913456707037,0.05934772203311209,0.04473763543486726
8450,dev,noMig,0.04691554471717996,0.0868772910153737,0.04390219645847412
8500,offload,noMig,2.623325360073916e-05,0.05890121388108317,0.0588779787728649
8500,seq,noMig,0.01600401809930051,0.05934903143447585,0.04473438335182067
8500,dev,noMig,0.04691554471717996,0.0868772910153737,0.04390219645847412
8550,offload,noMig,2.623325360073916e-05,0.05890121388108317,0.0588779787728649
8550,seq,noMig,0.01600401809930051,0.05934903143447585,0.04473438335182067
8550,dev,noMig,0.04691614718648776,0.08687626929256312,0.04390047001285804
8600,offload,noMig,3.15214580195779e-05,0.05890075782174006,0.0588728385736042
8600,seq,noMig,0.01600401809930051,0.05934903143447585,0.04473438335182067
8600,dev,noMig,0.04691614718648776,0.08687626929256312,0.04390047001285804
8650,offload,noMig,3.820971788297537e-05,0.05890181674310344,0.0588679731929727
8650,seq,noMig,0.01600401809930051,0.05934903143447585,0.04473438335182067
8650,dev,noMig,0.04691614718648776,0.08687626929256312,0.04390047001285804
8700,offload,noMig,3.220879199268486e-05,0.05886800204293584,0.05883947198397647
8700,seq,noMig,0.01600401809930051,0.05934903143447585,0.04473438335182067
8700,dev,noMig,0.04694408557289142,0.08683540057932072,0.0438275439852519
8750,offload,noMig,3.773754284998635e-05,0.05884303316133771,0.05880960368626067
8750,seq,noMig,0.01600401809930051,0.05934903143447585,0.04473438335182067
8750,dev,noMig,0.04694408557289142,0.08683540057932072,0.0438275439852519
8800,offload,noMig,2.696096219921054e-05,0.05878134769625355,0.05875746193054918
8800,seq,noMig,0.01600401809930051,0.05934903143447585,0.04473438335182067
8800,dev,noMig,0.04697614623279222,0.0868410670153858,0.0438014843015256
8850,offload,noMig,3.492380845013649e-05,0.05876173868974886,0.05873079656109337
8850,seq,noMig,0.01600401809930051,0.05934903143447585,0.04473438335182067
8850,dev,noMig,0.04697614623279222,0.0868410670153858,0.0438014843015256
8900,offload,noMig,2.534561150872863e-05,0.0587733955014425,0.05875094052876209
8900,seq,noMig,0.01600401809930051,0.05934903143447585,0.04473438335182067
8900,dev,noMig,0.04697614623279222,0.0868410670153858,0.0438014843015256
8950,offload,noMig,2.69692727097384e-05,0.05875733133254205,0.05873343698449069
8950,seq,noMig,0.01600401809930051,0.05934903143447585,0.04473438335182067
8950,dev,noMig,0.04697614623279222,0.0868410670153858,0.0438014843015256
9000,offload,noMig,2.277385463766197e-05,0.05877746302700436,0.05875728678030152
9000,seq,noMig,0.01600401809930051,0.05934903143447585,0.04473438335182067
9000,dev,noMig,0.04697614623279222,0.0868410670153858,0.0438014843015256
9050,offload,noMig,3.44806535149952e-05,0.0587535375537282,0.05872298754961404
9050,seq,noMig,0.01600401809930051,0.05934903143447585,0.04473438335182067
9050,dev,noMig,0.04697643960206027,0.08683861329082597,0.04379849849584688
9100,offload,noMig,5.816582719563049e-05,0.05875818526014236,0.05870664823166453
9100,seq,noMig,0.01600401809930051,0.05934903143447585,0.04473438335182067
9100,dev,noMig,0.04699061313995102,0.08683518637154279,0.04378047216175488
9150,offload,noMig,2.629384577998296e-05,0.05873908407473646,0.05871578727151847
9150,seq,noMig,0.01600401809930051,0.05934903143447585,0.04473438335182067
9150,dev,noMig,0.04699061313995102,0.08683518637154279,0.04378047216175488
9200,offload,noMig,2.807791726573615e-05,0.05870962652842082,0.05868474736359579
9200,seq,noMig,0.01600401809930051,0.05934903143447585,0.04473438335182067
9200,dev,noMig,0.0470024258451931,0.08683882148224095,0.04377256551967135
9250,offload,noMig,3.009253160292538e-05,0.05866280186145861,0.05863613483825183
9250,seq,noMig,0.01600401809930051,0.05934903143447585,0.04473438335182067
9250,dev,noMig,0.0470024258451931,0.08683882148224095,0.04377256551967135
9300,offload,noMig,2.5098691981828e-05,0.05866814033960479,0.05864589916263097
9300,seq,noMig,0.01603613799358829,0.05935072390099335,0.04470585535469977
9300,dev,noMig,0.04700138255939452,0.08683927802668436,0.04377411650851028
9350,offload,noMig,3.303997681647954e-05,0.05867496110194768,0.05864568273747169
9350,seq,noMig,0.01605907132506692,0.05935323772977917,0.04468683080630224
9350,dev,noMig,0.04703902845452227,0.08682191354439618,0.04371716974468695
9400,offload,noMig,2.011024490575323e-05,0.05866813056870896,0.05865031007057877
9400,seq,noMig,0.01608204585663906,0.05935322258011507,0.04466515709108552
9400,dev,noMig,0.04703902845452227,0.08682191354439618,0.04371716974468695
9450,offload,noMig,2.056077698725112e-05,0.05867621559819866,0.05865799616248348
9450,seq,noMig,0.01611427077373671,0.05935188303563576,0.04463339351192505
9450,dev,noMig,0.04704307875615581,0.08681590631879219,0.04370650333498824
9500,offload,noMig,2.055866591633884e-05,0.05867671049341835,0.05865849294760804
9500,seq,noMig,0.0161425260014066,0.05936093412239486,0.04461608813037805
9500,dev,noMig,0.04704307875615581,0.08681590631879219,0.04370650333498824
9550,offload,noMig,2.016516637331984e-05,0.05868106519984598,0.05866319652275943
9550,seq,noMig,0.01614887890460616,0.05935866668162639,0.04460775843218866
9550,dev,noMig,0.04702333056364479,0.08684326691687898,0.04375639278181689
9600,offload,noMig,2.016516637331984e-05,0.05868106519984598,0.05866319652275943
9600,seq,noMig,0.01614887890460616,0.05935866668162639,0.04460775843218866
9600,dev,noMig,0.0470260433262885,0.08684152099935974,0.04375174679594124
9650,offload,noMig,2.037641188940195e-05,0.05874364081042933,0.05872558733842718
9650,seq,noMig,0.01614887890460616,0.05935866668162639,0.04460775843218866
9650,dev,noMig,0.04702744259052832,0.08683862507455964,0.04374716220915552
9700,offload,noMig,2.011595994118438e-05,0.05875149723561824,0.05873367483020863
9700,seq,noMig,0.01614887890460616,0.05935866668162639,0.04460775843218866
9700,dev,noMig,0.04702769261583784,0.08683443060267841,0.04374231077527732
9750,offload,noMig,3.827586660214228e-05,0.05874205820059265,0.05870814454462957
9750,seq,noMig,0.01614887890460616,0.05935866668162639,0.04460775843218866
9750,dev,noMig,0.04702840008220186,0.08683600050568883,0.04374331998975452
9800,offload,noMig,2.00467980084494e-05,0.05874311575479951,0.05872535431177756
9800,seq,noMig,0.01614887890460616,0.05935866668162639,0.04460775843218866
9800,dev,noMig,0.04702816859378018,0.08683278059224145,0.04374002209514711
9850,offload,noMig,1.966353924666973e-05,0.05874622111127594,0.05872879936305262
9850,seq,noMig,0.01614887890460616,0.05935866668162639,0.04460775843218866
9850,dev,noMig,0.04703064597198785,0.0868314967517069,0.0437361197015043
9900,offload,noMig,2.219040283302767e-05,0.0587471770786226,0.05872751649171427
9900,seq,noMig,0.01614887890460616,0.05935866668162639,0.04460775843218866
9900,dev,noMig,0.0470337306202326,0.08683447661110551,0.04373628144356132
9950,offload,noMig,2.01120478581105e-05,0.05873911621069097,0.05872129680267494
9950,seq,noMig,0.01614887890460616,0.05935866668162639,0.04460775843218866
9950,dev,noMig,0.047035647967324,0.08683218760323867,0.04373184061364788
10000,offload,noMig,2.01120478581105e-05,0.05873911621069097,0.05872129680267494
10000,seq,noMig,0.01614887890460616,0.05935866668162639,0.04460775843218866
10000,dev,noMig,0.04703555194077076,0.08682901036218406,0.04372845306485058
