gen,CCHIHH_stable_migration_gate mean,CCHIHH_stable_migration_gate var,GA mean,GA var,GDE mean,GDE var,GA-SLHH mean,GA-SLHH var,QPHH mean,QPHH var
50,55.221320000000006,0.00021935360000000805,55.496230000000004,0.02385105209999993,55.34324,0.0003900104000000052,55.750699999999995,0.00022413800000001862,55.77853,0.0003287740999999867
100,55.11598,0.00012588359999998874,55.490750000000006,0.0230396024999998,55.22632,0.0007343155999999301,55.74757999999999,0.00025468560000002936,55.7667,0.0004617599999999685
150,55.04006,0.00016525639999997514,55.4876,0.023003971999999647,55.146550000000005,0.0011898204999999554,55.74724,0.0002718964000000264,55.76059,0.0006096489000000004
200,54.9884,0.0002998740000000384,55.482989999999994,0.023321700899999655,55.083400000000005,0.0009619640000000727,55.74724,0.0002718964000000264,55.74787,0.001085278099999981
250,54.95022,0.00022137959999998666,55.477729999999994,0.02330356009999977,55.02786999999999,0.0005396720999999761,55.74724,0.0002718964000000264,55.7402,0.0015453840000000188
300,54.924170000000004,0.00015786009999998817,55.47305,0.02355823249999966,54.9778,0.0005472020000000372,55.74724,0.0002718964000000264,55.72984,0.0022422044000000385
350,54.90041,0.00023225490000005218,55.46617,0.023940648099999552,54.938739999999996,0.00025680840000001285,55.74724,0.0002718964000000264,55.72246,0.0026331163999999533
400,54.87753,0.000253204100000038,55.449569999999994,0.01685886810000013,54.90893,0.0002662101000000182,55.74724,0.0002718964000000264,55.71840999999999,0.0027198789000000387
450,54.85873,0.00029513210000003205,55.4414,0.015508510000000138,54.88848,0.0002595935999999967,55.74684,0.0002886484000000176,55.71679,0.0027567548999999935
500,54.84492,0.00027835559999996116,55.43912,0.01543897360000028,54.87415,0.0003429724999999621,55.745540000000005,0.0003629824000000036,55.71515000000001,0.0026953605000000283
550,54.83394,0.0002638723999999599,55.434619999999995,0.01564520360000009,54.861540000000005,0.0003420264000000259,55.745540000000005,0.0003629824000000036,55.71367,0.002618932100000036
600,54.82191,0.00030519090000000074,55.43173,0.01560770809999996,54.85249,0.00041186690000005917,55.745540000000005,0.0003629824000000036,55.709770000000006,0.0026618421000000484
650,54.80978,0.00040879159999994766,55.42538,0.014489497599999934,54.843849999999996,0.0004464125000000127,55.745540000000005,0.0003629824000000036,55.70792,0.002562621600000003
700,54.79964,0.00044480439999999263,55.42205,0.013970084499999993,54.83797,0.0005041601000000004,55.745259999999995,0.0003557024000000029,55.70496000000001,0.002565422400000023
750,54.78857000000001,0.0004619761000000264,55.420069999999996,0.014187046100000022,54.829319999999996,0.0004061476000000128,55.745259999999995,0.0003557024000000029,55.70226,0.0025204983999999792
800,54.780499999999996,0.0004401779999999928,55.419489999999996,0.014122900900000023,54.822630000000004,0.0003904180999999769,55.745259999999995,0.0003557024000000029,55.70062,0.00234751759999996
850,54.77174,0.00044833040000000126,55.41509,0.013993906899999872,54.81821,0.0004009308999999769,55.745259999999995,0.0003557024000000029,55.699569999999994,0.0023453360999999588
900,54.76615,0.0005245805000000053,55.41133,0.013732066100000028,54.812070000000006,0.00040933610000000697,55.745259999999995,0.0003557024000000029,55.69926,0.0023495303999999636
950,54.759389999999996,0.0005282348999999626,55.40806,0.013511956400000167,54.807939999999995,0.00036974040000006147,55.745050000000006,0.0003511685000000063,55.69707999999999,0.0021662836000000017
1000,54.752390000000005,0.000517936899999983,55.405240000000006,0.013439786400000162,54.803999999999995,0.0004429880000000685,55.745050000000006,0.0003511685000000063,55.69631,0.0021817529
1050,54.745540000000005,0.0005388104000000162,55.39799000000001,0.012920398899999824,54.79994000000001,0.0004025264000000241,55.745050000000006,0.0003511685000000063,55.69517,0.0020689840999999778
1100,54.73932,0.0004868876000000143,55.39737,0.012992170099999738,54.798680000000004,0.0003833196000000283,55.743939999999995,0.00034039040000000755,55.694399999999995,0.0021209699999999608
1150,54.735,0.0004526819999999804,55.39149999999999,0.01291832400000011,54.7972,0.0004099960000000026,55.743939999999995,0.00034039040000000755,55.6936,0.0021524899999999436
1200,54.73106,0.0005494403999999839,55.38965,0.01306673250000005,54.79547,0.00033325209999998683,55.743939999999995,0.00034039040000000755,55.69243,0.0022250600999998847
1250,54.72567,0.0004631281000000372,55.387170000000005,0.012477106100000006,54.79442,0.0003200496000000081,55.743939999999995,0.00034039040000000755,55.69147,0.0023058820999999597
1300,54.72301,0.0004171049000000564,55.385630000000006,0.012561016099999883,54.79295,0.000277490500000004,55.74369,0.00033207290000001574,55.69107,0.0023337780999999427
1350,54.72019,0.0004068209000000414,55.38387,0.012686734099999902,54.792550000000006,0.00026249050000001317,55.74369,0.00033207290000001574,55.69067,0.0023189540999999513
1400,54.71707,0.0003829900999999928,55.381899999999995,0.012320023999999905,54.791509999999995,0.0002663489,55.74369,0.00033207290000001574,55.690239999999996,0.002310444399999949
1450,54.713620000000006,0.00034254360000001414,55.37981,0.011904800899999913,54.791509999999995,0.0002663489,55.74369,0.00033207290000001574,55.68987,0.0023541080999999737
1500,54.71052999999999,0.0003095980999999381,55.378420000000006,0.011857191599999697,54.79052,0.00024398959999999723,55.74308,0.00030512359999999936,55.68987,0.0023541080999999737
1550,54.708569999999995,0.0003537020999999554,55.37486,0.01085499239999995,54.78981,0.00024229490000000483,55.74271,0.00029716490000001,55.689099999999996,0.0022564259999999824
1600,54.70653,0.00029948409999999026,55.373839999999994,0.010919500399999981,54.78947000000001,0.0002456541000000035,55.74271,0.00029716490000001,55.689099999999996,0.0022564259999999824
1650,54.70447,0.00033048409999998017,55.3716,0.010969445999999952,54.78947000000001,0.0002456541000000035,55.74271,0.00029716490000001,55.68876,0.0022894263999999743
1700,54.70093000000001,0.0002963601000000168,55.368550000000006,0.010697440499999909,54.78805,0.00022349450000002142,55.74271,0.00029716490000001,55.68876,0.0022894263999999743
1750,54.69901,0.0002684729000000009,55.36735,0.010803686499999963,54.787400000000005,0.00020464800000001175,55.74271,0.00029716490000001,55.688120000000005,0.002265253599999989
1800,54.697140000000005,0.0002789863999999958,55.36414,0.010749934400000107,54.787400000000005,0.00020464800000001175,55.74249,0.00029712090000001034,55.687509999999996,0.0022807248999999826
1850,54.694539999999996,0.0002891623999999607,55.36276,0.010852916400000011,54.78703,0.0002093581000000044,55.74249,0.00029712090000001034,55.687509999999996,0.0022807248999999826
1900,54.69322,0.00029616359999996747,55.36134,0.010996176399999957,54.78623,0.00023116609999999325,55.74185,0.00029285850000001124,55.687509999999996,0.0022807248999999826
1950,54.69181,0.00028038689999999985,55.36032,0.010957711600000041,54.78592,0.00023651359999999824,55.74185,0.00029285850000001124,55.68637,0.0023603640999999512
2000,54.691089999999996,0.000274580900000008,55.35804,0.01083808239999999,54.78592,0.00023651359999999824,55.74185,0.00029285850000001124,55.68603,0.002385184099999943
2050,54.68929000000001,0.000271826900000006,55.35546000000001,0.010967454399999844,54.78558,0.0002290675999999993,55.74185,0.00029285850000001124,55.68597,0.0023754400999999657
2100,54.688390000000005,0.0002826729000000196,55.351020000000005,0.011048801599999807,54.78558,0.0002290675999999993,55.74163,0.00028931210000000785,55.68525999999999,0.0024513603999999794
2150,54.68766000000001,0.0002634324000000194,55.34908,0.011258191599999773,54.785180000000004,0.00023577160000000665,55.74163,0.00028931210000000785,55.68492,0.002458901599999977
2200,54.68663,0.00024234210000001014,55.348310000000005,0.011353586900000066,54.785180000000004,0.00023577160000000665,55.74163,0.00028931210000000785,55.68492,0.002458901599999977
2250,54.68552,0.00023494760000000205,55.34794000000001,0.011149550399999954,54.785180000000004,0.00023577160000000665,55.74163,0.00028931210000000785,55.68415,0.0025509704999999764
2300,54.68485,0.0002307644999999902,55.34516,0.010996308399999996,54.78481000000001,0.00024794090000001217,55.74071,0.0002782169000000025,55.683809999999994,0.002560068899999974
2350,54.68338,0.000212181599999992,55.34432,0.010957487599999934,54.78481000000001,0.00024794090000001217,55.74071,0.0002782169000000025,55.683809999999994,0.002560068899999974
2400,54.68215,0.00021758049999998772,55.342499999999994,0.010998506000000007,54.78438,0.00022020160000000565,55.74068,0.00027783559999999894,55.68344,0.0024998143999999415
2450,54.682010000000005,0.00021827889999998597,55.342060000000004,0.011062376400000065,54.78438,0.00022020160000000565,55.7405,0.0002777959999999989,55.6831,0.0025249539999999873
2500,54.68094,0.00021492239999998768,55.33473,0.010289504099999906,54.78438,0.00022020160000000565,55.7405,0.0002777959999999989,55.6831,0.0025249539999999873
2550,54.680809999999994,0.00021038289999998915,55.33319,0.01033984490000001,54.78438,0.00022020160000000565,55.7405,0.0002777959999999989,55.6831,0.0025249539999999873
2600,54.68057,0.0002049060999999855,55.330600000000004,0.01034979600000004,54.78438,0.00022020160000000565,55.7405,0.0002777959999999989,55.682939999999995,0.002524328399999988
2650,54.67983,0.00018325809999999299,55.32890999999999,0.010277004900000183,54.78438,0.00022020160000000565,55.7405,0.0002777959999999989,55.6822,0.002529021999999997
2700,54.6798,0.00018454599999997482,55.32842000000001,0.01024787760000016,54.78438,0.00022020160000000565,55.7405,0.0002777959999999989,55.6822,0.002529021999999997
2750,54.67974,0.00018543039999998327,55.32805,0.010264738500000136,54.78438,0.00022020160000000565,55.74038,0.00027809359999999986,55.6822,0.002529021999999997
2800,54.679089999999995,0.0001686128999999965,55.32704,0.010198970400000146,54.783950000000004,0.0001957905000000001,55.74038,0.00027809359999999986,55.6822,0.002529021999999997
2850,54.67906000000001,0.00016826639999999312,55.32559,0.010084976900000068,54.783950000000004,0.0001957905000000001,55.74001,0.0002745009000000054,55.68176999999999,0.002526730099999998
2900,54.677369999999996,0.00016719409999998346,55.323440000000005,0.010313346399999972,54.783950000000004,0.0001957905000000001,55.73948,0.00027364760000000337,55.68103,0.0025668040999999716
2950,54.67731,0.00016782289999997446,55.32227,0.01007947609999996,54.783950000000004,0.0001957905000000001,55.73948,0.00027364760000000337,55.68103,0.0025668040999999716
3000,54.67691,0.00015519089999998305,55.320730000000005,0.009941604100000116,54.783550000000005,0.00021103049999999027,55.73948,0.00027364760000000337,55.680690000000006,0.0025947248999999635
3050,54.67682,0.00015450359999997647,55.31989,0.00948382090000002,54.783550000000005,0.00021103049999999027,55.73948,0.00027364760000000337,55.680690000000006,0.0025947248999999635
3100,54.67617,0.00014183809999997692,55.31885,0.0094085345,54.783550000000005,0.00021103049999999027,55.738699999999994,0.0002709759999999953,55.67995,0.002656576499999953
3150,54.67508,0.00014926559999998843,55.316790000000005,0.009521798899999854,54.783550000000005,0.00021103049999999027,55.737649999999995,0.00027526050000000363,55.67995,0.002656576499999953
3200,54.674350000000004,0.00015358849999998742,55.315740000000005,0.009557174399999991,54.783550000000005,0.00021103049999999027,55.737649999999995,0.00027526050000000363,55.679610000000004,0.0026977708999999426
3250,54.674040000000005,0.00015411239999998735,55.315369999999994,0.009597730100000017,54.783550000000005,0.00021103049999999027,55.73482,0.00028531360000000306,55.67893,0.00278144210000001
3300,54.6733,0.00014852599999998697,55.315369999999994,0.009597730100000017,54.783550000000005,0.00021103049999999027,55.73482,0.00028531360000000306,55.6785,0.00283911800000002
3350,54.67268,0.00013381960000000254,55.314260000000004,0.00942390439999993,54.783550000000005,0.00021103049999999027,55.73482,0.00028531360000000306,55.6785,0.00283911800000002
3400,54.67225,0.00014537449999999373,55.310770000000005,0.009475040099999919,54.783550000000005,0.00021103049999999027,55.73482,0.00028531360000000306,55.67841,0.002823944900000115
3450,54.67193999999999,0.00015854640000000902,55.30969,0.009510604899999964,54.783550000000005,0.00021103049999999027,55.73482,0.00028531360000000306,55.67800999999999,0.002822112900000117
3500,54.67184999999999,0.0001600365000000207,55.30738,0.0097185355999999,54.783550000000005,0.00021103049999999027,55.73482,0.00028531360000000306,55.67761,0.002855480900000158
3550,54.6712,0.00015053000000001232,55.3063,0.009834661999999914,54.783550000000005,0.00021103049999999027,55.73482,0.00028531360000000306,55.67761,0.002855480900000158
3600,54.670860000000005,0.00016080640000000113,55.30472999999999,0.009868032099999976,54.783550000000005,0.00021103049999999027,55.73418,0.00028505760000000293,55.67721,0.0028562089000001563
3650,54.670860000000005,0.00016080640000000113,55.3039,0.009926035999999925,54.783550000000005,0.00021103049999999027,55.73418,0.00028505760000000293,55.67659,0.002846970900000047
3700,54.67083,0.0001619041000000115,55.30276,0.010066120400000015,54.783550000000005,0.00021103049999999027,55.73418,0.00028505760000000293,55.67659,0.002846970900000047
3750,54.67083,0.0001619041000000115,55.30257,0.010081934100000007,54.783550000000005,0.00021103049999999027,55.73368000000001,0.00028998759999999946,55.67616,0.0027903184000000396
3800,54.670489999999994,0.0001678868999999969,55.3009,0.01007857599999994,54.783550000000005,0.00021103049999999027,55.73355,0.00027892849999999476,55.67536,0.002854118400000048
3850,54.670489999999994,0.0001678868999999969,55.299890000000005,0.009713226900000075,54.783550000000005,0.00021103049999999027,55.733270000000005,0.00028683009999999626,55.67536,0.002854118400000048
3900,54.67018,0.0001671955999999961,55.29912,0.009705355600000057,54.783550000000005,0.00021103049999999027,55.733270000000005,0.00028683009999999626,55.67505,0.0028578105000000424
3950,54.67018,0.0001671955999999961,55.29695,0.009824114500000137,54.783550000000005,0.00021103049999999027,55.733270000000005,0.00028683009999999626,55.67505,0.0028578105000000424
4000,54.66940999999999,0.00015777890000000325,55.29633,0.009875624100000077,54.783550000000005,0.00021103049999999027,55.73315,0.0002768244999999606,55.67505,0.0028578105000000424
4050,54.66829,0.00015940289999999668,55.29583,0.009945572100000133,54.783550000000005,0.00021103049999999027,55.73303,0.0002806140999999514,55.674310000000006,0.0028736169000000474
4100,54.66829,0.00015940289999999668,55.29515,0.009805804499999963,54.783550000000005,0.00021103049999999027,55.73303,0.0002806140999999514,55.67397,0.0028841841000000444
4150,54.66768,0.00014822359999999688,55.294380000000004,0.009862599599999957,54.783550000000005,0.00021103049999999027,55.73303,0.0002806140999999514,55.67357,0.00284141210000003
4200,54.66736999999999,0.0001478980999999954,55.29311,0.009955192899999866,54.783550000000005,0.00021103049999999027,55.732749999999996,0.0002582085000000039,55.67357,0.00284141210000003
4250,54.66703,0.0001380280999999909,55.29234,0.00982914639999992,54.783550000000005,0.00021103049999999027,55.73247,0.0002572061000000056,55.67357,0.00284141210000003
4300,54.666999999999994,0.00013923200000000232,55.29151,0.009634870899999863,54.783550000000005,0.00021103049999999027,55.73247,0.0002572061000000056,55.67357,0.00284141210000003
4350,54.666999999999994,0.00013923200000000232,55.28994,0.009262046399999899,54.783550000000005,0.00021103049999999027,55.73225,0.00026458050000001165,55.673170000000006,0.0028574060999999973
4400,54.666999999999994,0.00013923200000000232,55.28920000000001,0.009367597999999918,54.783550000000005,0.00021103049999999027,55.731790000000004,0.000261286900000008,55.673170000000006,0.0028574060999999973
4450,54.666999999999994,0.00013923200000000232,55.288340000000005,0.009325492399999911,54.783550000000005,0.00021103049999999027,55.731790000000004,0.000261286900000008,55.67286,0.0028685443999999843
4500,54.666380000000004,0.0001365535999999821,55.287940000000006,0.009351204399999943,54.783550000000005,0.00021103049999999027,55.730999999999995,0.0002840160000000114,55.67286,0.0028685443999999843
4550,54.66608,0.00013729159999998234,55.287940000000006,0.009351204399999943,54.783550000000005,0.00021103049999999027,55.730999999999995,0.0002840160000000114,55.67179,0.0028690988999999804
4600,54.66543,0.00016057809999998977,55.28717,0.009317694099999952,54.783550000000005,0.00021103049999999027,55.730999999999995,0.0002840160000000114,55.671079999999996,0.002932043599999975
4650,54.66476,0.0001686384000000063,55.28479,0.00907479890000008,54.783550000000005,0.00021103049999999027,55.73072,0.0002834336000000116,55.67065,0.002978754499999904
4700,54.66473,0.000168722100000005,55.28273,0.00872307410000012,54.783550000000005,0.00021103049999999027,55.73072,0.0002834336000000116,55.67065,0.002978754499999904
4750,54.66432,0.00018828759999998018,55.28165,0.008749046500000125,54.783550000000005,0.00021103049999999027,55.73017,0.0002412980999999729,55.67021999999999,0.0030118515999998548
4800,54.664229999999996,0.000184854099999975,55.27891999999999,0.008969697600000095,54.783550000000005,0.00021103049999999027,55.73017,0.0002412980999999729,55.66948,0.0030647895999998775
4850,54.66389,0.0002048188999999681,55.277840000000005,0.008799460400000089,54.783550000000005,0.00021103049999999027,55.72998,0.00024978159999996857,55.66948,0.0030647895999998775
4900,54.66389,0.0002048188999999681,55.27636,0.008693758399999873,54.783550000000005,0.00021103049999999027,55.72998,0.00024978159999996857,55.66948,0.0030647895999998775
4950,54.66389,0.0002048188999999681,55.2759,0.008727199999999848,54.783550000000005,0.00021103049999999027,55.72998,0.00024978159999996857,55.66948,0.0030647895999998775
5000,54.66386,0.00020489239999996704,55.27553,0.00872643409999985,54.783550000000005,0.00021103049999999027,55.72998,0.00024978159999996857,55.669140000000006,0.0030928123999999294
5050,54.66353,0.0002067700999999685,55.27401999999999,0.008771815599999858,54.783550000000005,0.00021103049999999027,55.72998,0.00024978159999996857,55.66874,0.0031284443999999106
5100,54.66353,0.0002067700999999685,55.27293999999999,0.008858336399999894,54.783550000000005,0.00021103049999999027,55.72998,0.00024978159999996857,55.66874,0.0031284443999999106
5150,54.66304,0.00021016439999998034,55.26983,0.008685808099999897,54.783550000000005,0.00021103049999999027,55.72905000000001,0.00023715049999998246,55.66834,0.003057516399999949
5200,54.6626,0.00020278999999998742,55.269000000000005,0.008696871999999894,54.783550000000005,0.00021103049999999027,55.72905000000001,0.00023715049999998246,55.66834,0.003057516399999949
5250,54.66229,0.0002057628999999837,55.26807,0.00871334409999988,54.783550000000005,0.00021103049999999027,55.72887000000001,0.0002369200999999829,55.66790999999999,0.0031190708999999576
5300,54.66229,0.0002057628999999837,55.26649999999999,0.008534847999999925,54.783550000000005,0.00021103049999999027,55.728809999999996,0.00023697289999998345,55.66671,0.003277752899999961
5350,54.66226,0.00020614239999998727,55.26536,0.008636108399999927,54.783550000000005,0.00021103049999999027,55.72835,0.0002591265000000013,55.66609,0.0033613289000000526
5400,54.66226,0.00020614239999998727,55.26444,0.00864944039999991,54.783550000000005,0.00021103049999999027,55.72835,0.0002591265000000013,55.66609,0.0033613289000000526
5450,54.66226,0.00020614239999998727,55.263329999999996,0.00859779209999994,54.783550000000005,0.00021103049999999027,55.72835,0.0002591265000000013,55.66566,0.00340426440000006
5500,54.66217,0.0002076660999999893,55.26216000000001,0.008603002399999952,54.783550000000005,0.00021103049999999027,55.72792,0.000261005600000004,55.66486,0.0035157903999998965
5550,54.66214,0.00020805639999998366,55.26143,0.008643356099999928,54.783550000000005,0.00021103049999999027,55.72792,0.000261005600000004,55.66486,0.0035157903999998965
5600,54.66214,0.00020805639999998366,55.26035,0.00852984649999983,54.783550000000005,0.00021103049999999027,55.727790000000006,0.0002584589000000025,55.66449,0.00358033689999993
5650,54.66214,0.00020805639999998366,55.25918,0.00862084959999987,54.783550000000005,0.00021103049999999027,55.72717,0.0002626501000000071,55.66449,0.00358033689999993
5700,54.66214,0.00020805639999998366,55.2581,0.008683959999999939,54.783550000000005,0.00021103049999999027,55.72717,0.0002626501000000071,55.66449,0.00358033689999993
5750,54.66214,0.00020805639999998366,55.2577,0.008707399999999966,54.783550000000005,0.00021103049999999027,55.72659,0.00025427490000000375,55.664120000000004,0.003621817599999952
5800,54.66214,0.00020805639999998366,55.25632,0.008572471599999909,54.783550000000005,0.00021103049999999027,55.72631,0.00026863890000000787,55.663689999999995,0.0036419028999999568
5850,54.66180000000001,0.000194979999999989,55.25555000000001,0.008423602499999957,54.783550000000005,0.00021103049999999027,55.72591,0.0002661669000000071,55.663689999999995,0.0036419028999999568
5900,54.66149,0.0001997508999999932,55.25410000000001,0.00838025600000018,54.783550000000005,0.00021103049999999027,55.72591,0.0002661669000000071,55.663689999999995,0.0036419028999999568
5950,54.661159999999995,0.0001923424000000018,55.252930000000006,0.00822740410000017,54.783550000000005,0.00021103049999999027,55.72591,0.0002661669000000071,55.663689999999995,0.0036419028999999568
6000,54.66079,0.00018264889999998173,55.251940000000005,0.008259486400000193,54.783550000000005,0.00021103049999999027,55.72591,0.0002661669000000071,55.66335,0.003603656499999991
6050,54.66014,0.0001957484000000123,55.25055,0.00837063650000019,54.783550000000005,0.00021103049999999027,55.725660000000005,0.00026778440000000634,55.66301,0.0035747428999999982
6100,54.66014,0.0001957484000000123,55.24913,0.008334034100000163,54.783550000000005,0.00021103049999999027,55.725660000000005,0.00026778440000000634,55.66301,0.0035747428999999982
6150,54.66014,0.0001957484000000123,55.24811,0.008200770900000029,54.783550000000005,0.00021103049999999027,55.725660000000005,0.00026778440000000634,55.66236,0.003578718399999921
6200,54.66014,0.0001957484000000123,55.24636,0.00834843440000001,54.783550000000005,0.00021103049999999027,55.725289999999994,0.0002678769000000045,55.66236,0.003578718399999921
6250,54.66014,0.0001957484000000123,55.244479999999996,0.007966039600000016,54.783550000000005,0.00021103049999999027,55.72434,0.00028358040000001186,55.66202,0.0035268955999999347
6300,54.65983,0.00018994210000000474,55.24411,0.008015430900000044,54.78315,0.00022131049999998278,55.72434,0.00028358040000001186,55.66202,0.0035268955999999347
6350,54.65952,0.0001980795999999941,55.242650000000005,0.008071390500000043,54.78315,0.00022131049999998278,55.723699999999994,0.0002845020000000087,55.66202,0.0035268955999999347
6400,54.65952,0.0001980795999999941,55.24191,0.008086456900000037,54.78315,0.00022131049999998278,55.7236,0.0002846320000000094,55.661249999999995,0.003617886499999932
6450,54.659209999999995,0.00020528089999998652,55.24074,0.008123972400000025,54.78315,0.00022131049999998278,55.723530000000004,0.00028632809999999686,55.66088,0.0035719435999999063
6500,54.659209999999995,0.00020528089999998652,55.24006000000001,0.008110992400000067,54.78315,0.00022131049999998278,55.723530000000004,0.00028632809999999686,55.66088,0.0035719435999999063
6550,54.659209999999995,0.00020528089999998652,55.239700000000006,0.008138794000000086,54.78315,0.00022131049999998278,55.72341,0.0002922488999999833,55.66088,0.0035719435999999063
6600,54.659209999999995,0.00020528089999998652,55.238969999999995,0.00819063010000007,54.78315,0.00022131049999998278,55.7232,0.00029302799999998393,55.66056999999999,0.0036113600999999503
6650,54.659209999999995,0.00020528089999998652,55.236810000000006,0.008063456900000172,54.78315,0.00022131049999998278,55.722159999999995,0.0003134824000000049,55.65986,0.003681664399999937
6700,54.659180000000006,0.00020695759999996265,55.235299999999995,0.008124632000000185,54.78315,0.00022131049999998278,55.722159999999995,0.0003134824000000049,55.65986,0.003681664399999937
6750,54.659180000000006,0.00020695759999996265,55.23422000000001,0.00819186360000022,54.78315,0.00022131049999998278,55.722159999999995,0.0003134824000000049,55.65955,0.0036958344999999206
6800,54.659180000000006,0.00020695759999996265,55.233889999999995,0.008219256900000246,54.78315,0.00022131049999998278,55.722159999999995,0.0003134824000000049,55.65955,0.0036958344999999206
6850,54.659180000000006,0.00020695759999996265,55.23216,0.00812031039999998,54.78315,0.00022131049999998278,55.72204000000001,0.0003162664000000149,55.65955,0.0036958344999999206
6900,54.659180000000006,0.00020695759999996265,55.23142,0.008123133600000002,54.78315,0.00022131049999998278,55.72204000000001,0.0003162664000000149,55.65955,0.0036958344999999206
6950,54.659180000000006,0.00020695759999996265,55.23142,0.008123133600000002,54.78315,0.00022131049999998278,55.721759999999996,0.00029235440000001053,55.65955,0.0036958344999999206
7000,54.659029999999994,0.00020839009999996938,55.23096,0.007937200399999867,54.78315,0.00022131049999998278,55.72107999999999,0.00029836560000000956,55.65955,0.0036958344999999206
7050,54.659029999999994,0.00020839009999996938,55.22988,0.0078096376000001385,54.78315,0.00022131049999998278,55.72107999999999,0.00029836560000000956,55.65955,0.0036958344999999206
7100,54.659029999999994,0.00020839009999996938,55.22948,0.007867221600000106,54.78315,0.00022131049999998278,55.7208,0.0002991160000000077,55.65955,0.0036958344999999206
7150,54.659029999999994,0.00020839009999996938,55.22811,0.0073834068999998614,54.78315,0.00022131049999998278,55.7208,0.0002991160000000077,55.65955,0.0036958344999999206
7200,54.65872,0.0002265715999999887,55.227779999999996,0.0073673655999998465,54.78315,0.00022131049999998278,55.719899999999996,0.000350326000000015,55.65955,0.0036958344999999206
7250,54.65872,0.0002265715999999887,55.22642,0.007279169599999977,54.78315,0.00022131049999998278,55.719899999999996,0.000350326000000015,55.659119999999994,0.003752495599999932
7300,54.65841,0.00022372889999998456,55.224540000000005,0.0071536843999998895,54.78315,0.00022131049999998278,55.719899999999996,0.000350326000000015,55.659090000000006,0.0037469249000000107
7350,54.65841,0.00022372889999998456,55.22386,0.00720577839999986,54.78315,0.00022131049999998278,55.719899999999996,0.000350326000000015,55.659090000000006,0.0037469249000000107
7400,54.65841,0.00022372889999998456,55.222500000000004,0.0070824480000000745,54.78315,0.00022131049999998278,55.719899999999996,0.000350326000000015,55.659090000000006,0.0037469249000000107
7450,54.658069999999995,0.00023035209999998393,55.222069999999995,0.006877454100000041,54.78315,0.00022131049999998278,55.719899999999996,0.000350326000000015,55.65872,0.0036907255999999817
7500,54.658069999999995,0.00023035209999998393,55.22056,0.007005692400000034,54.78315,0.00022131049999998278,55.71947,0.00035181810000001337,55.65838,0.003628471599999866
7550,54.658069999999995,0.00023035209999998393,55.219730000000006,0.007086274100000016,54.78315,0.00022131049999998278,55.71912999999999,0.0003580741000000137,55.65764,0.003732678399999826
7600,54.658069999999995,0.00023035209999998393,55.21819000000001,0.0069763128999998526,54.78315,0.00022131049999998278,55.71912999999999,0.0003580741000000137,55.65764,0.003732678399999826
7650,54.658069999999995,0.00023035209999998393,55.217380000000006,0.006759777599999868,54.78315,0.00022131049999998278,55.719100000000005,0.0003587260000000045,55.65764,0.003732678399999826
7700,54.658069999999995,0.00023035209999998393,55.21661,0.00681514889999989,54.78315,0.00022131049999998278,55.71888,0.0003538376000000001,55.65764,0.003732678399999826
7750,54.658069999999995,0.00023035209999998393,55.216210000000004,0.0067950768999999024,54.78315,0.00022131049999998278,55.71888,0.0003538376000000001,55.65764,0.003732678399999826
7800,54.658069999999995,0.00023035209999998393,55.214729999999996,0.006869642099999858,54.78315,0.00022131049999998278,55.71888,0.0003538376000000001,55.65764,0.003732678399999826
7850,54.657770000000006,0.0002492040999999846,55.21396,0.006715264400000085,54.78315,0.00022131049999998278,55.717380000000006,0.0003251596000000339,55.657579999999996,0.0037341315999998223
7900,54.65743,0.0002725280999999788,55.21208,0.0065564696000000935,54.78315,0.00022131049999998278,55.717380000000006,0.0003251596000000339,55.65755,0.0037286904999998998
7950,54.65743,0.0002725280999999788,55.21106999999999,0.006581208100000081,54.78315,0.00022131049999998278,55.71695,0.00032818250000003323,55.656780000000005,0.003667765599999943
8000,54.65709,0.0002824949000000086,55.209709999999994,0.0066540089000000635,54.78315,0.00022131049999998278,55.71695,0.00032818250000003323,55.65675,0.003662534499999893
8050,54.65709,0.0002824949000000086,55.208349999999996,0.006699106500000096,54.78315,0.00022131049999998278,55.71695,0.00032818250000003323,55.65632000000001,0.0036235635999998872
8100,54.65709,0.0002824949000000086,55.20801,0.006722960900000093,54.78315,0.00022131049999998278,55.71695,0.00032818250000003323,55.655179999999994,0.003625075600000003
8150,54.65709,0.0002824949000000086,55.20736000000001,0.0066060823999999265,54.78315,0.00022131049999998278,55.71695,0.00032818250000003323,55.655179999999994,0.003625075600000003
8200,54.65709,0.0002824949000000086,55.20545,0.006755950499999888,54.78315,0.00022131049999998278,55.71695,0.00032818250000003323,55.655179999999994,0.003625075600000003
8250,54.65709,0.0002824949000000086,55.204769999999996,0.006598680099999926,54.78315,0.00022131049999998278,55.7168,0.00033050000000003405,55.65481,0.003560950900000091
8300,54.65709,0.0002824949000000086,55.204769999999996,0.006598680099999926,54.78315,0.00022131049999998278,55.71646,0.0003374564000000309,55.65481,0.003560950900000091
8350,54.65709,0.0002824949000000086,55.20403,0.006610894099999935,54.78315,0.00022131049999998278,55.716150000000006,0.00034561250000003933,55.65481,0.003560950900000091
8400,54.65709,0.0002824949000000086,55.20363,0.006426598100000037,54.78315,0.00022131049999998278,55.71553,0.0003548381000000373,55.65481,0.003560950900000091
8450,54.656780000000005,0.00027120160000002264,55.2033,0.006466142000000072,54.78315,0.00022131049999998278,55.71553,0.0003548381000000373,55.65481,0.003560950900000091
8500,54.656780000000005,0.00027120160000002264,55.20185,0.006491182500000072,54.78315,0.00022131049999998278,55.71553,0.0003548381000000373,55.65444,0.0035289644000000746
8550,54.656780000000005,0.00027120160000002264,55.20031,0.006530504900000102,54.78315,0.00022131049999998278,55.71553,0.0003548381000000373,55.65444,0.0035289644000000746
8600,54.656780000000005,0.00027120160000002264,55.19911,0.006593754900000108,54.78315,0.00022131049999998278,55.71553,0.0003548381000000373,55.65438,0.0035187535999999776
8650,54.656780000000005,0.00027120160000002264,55.19868,0.006616841600000112,54.78315,0.00022131049999998278,55.71532,0.0003560456000000363,55.65400999999999,0.003585608900000015
8700,54.656780000000005,0.00027120160000002264,55.19828,0.006602425600000119,54.78315,0.00022131049999998278,55.71532,0.0003560456000000363,55.65400999999999,0.003585608900000015
8750,54.656780000000005,0.00027120160000002264,55.19673,0.006536952100000118,54.78315,0.00022131049999998278,55.71458,0.000381279600000025,55.65400999999999,0.003585608900000015
8800,54.656780000000005,0.00027120160000002264,55.19578,0.006464017599999853,54.78315,0.00022131049999998278,55.7143,0.00038544600000002744,55.65400999999999,0.003585608900000015
8850,54.656780000000005,0.00027120160000002264,55.19501,0.0063239909,54.78315,0.00022131049999998278,55.71424,0.0003887064000000202,55.65400999999999,0.003585608900000015
8900,54.656780000000005,0.00027120160000002264,55.19384,0.006406008399999996,54.78315,0.00022131049999998278,55.71387,0.00039470410000002514,55.65400999999999,0.003585608900000015
8950,54.65638,0.0002663056000000156,55.19384,0.006406008399999996,54.78315,0.00022131049999998278,55.71273,0.0004118041000000278,55.65400999999999,0.003585608900000015
9000,54.65638,0.0002663056000000156,55.193439999999995,0.006407400399999996,54.78315,0.00022131049999998278,55.71273,0.0004118041000000278,55.65400999999999,0.003585608900000015
9050,54.65638,0.0002663056000000156,55.19341000000001,0.006407620899999998,54.78315,0.00022131049999998278,55.712540000000004,0.0004163503999999992,55.65259,0.003689166899999987
9100,54.65638,0.0002663056000000156,55.1923,0.0064388660000000205,54.78315,0.00022131049999998278,55.712509999999995,0.00041696090000000515,55.65259,0.003689166899999987
9150,54.65638,0.0002663056000000156,55.191959999999995,0.0064419464000000275,54.78315,0.00022131049999998278,55.71205,0.00042835049999999706,55.65259,0.003689166899999987
9200,54.65638,0.0002663056000000156,55.19131,0.00645362690000002,54.78315,0.00022131049999998278,55.711890000000004,0.00043320490000000754,55.65246,0.003667762399999978
9250,54.65638,0.0002663056000000156,55.19008,0.006524425600000034,54.78315,0.00022131049999998278,55.711890000000004,0.00043320490000000754,55.6524,0.0036579860000000007
9300,54.65638,0.0002663056000000156,55.18753,0.006690930099999987,54.78315,0.00022131049999998278,55.711890000000004,0.00043320490000000754,55.6524,0.0036579860000000007
9350,54.65638,0.0002663056000000156,55.1871,0.00671067999999999,54.78315,0.00022131049999998278,55.711890000000004,0.00043320490000000754,55.65203,0.003599130099999968
9400,54.65638,0.0002663056000000156,55.1871,0.00671067999999999,54.78315,0.00022131049999998278,55.711890000000004,0.00043320490000000754,55.65114,0.0037505143999999567
9450,54.65601,0.00026067690000000513,55.18596,0.00682188440000001,54.78315,0.00022131049999998278,55.711890000000004,0.00043320490000000754,55.65114,0.0037505143999999567
9500,54.65601,0.00026067690000000513,55.18522,0.006825285600000055,54.78315,0.00022131049999998278,55.711890000000004,0.00043320490000000754,55.650710000000004,0.003838642899999969
9550,54.65601,0.00026067690000000513,55.18461,0.006887828900000033,54.78315,0.00022131049999998278,55.711890000000004,0.00043320490000000754,55.65068,0.0038339355999999236
9600,54.65601,0.00026067690000000513,55.18384,0.006956780400000027,54.78315,0.00022131049999998278,55.711890000000004,0.00043320490000000754,55.64972,0.003698519599999938
9650,54.65601,0.00026067690000000513,55.18341,0.007020484900000038,54.78315,0.00022131049999998278,55.711890000000004,0.00043320490000000754,55.64972,0.003698519599999938
9700,54.65601,0.00026067690000000513,55.18227,0.006890434099999868,54.78315,0.00022131049999998278,55.711890000000004,0.00043320490000000754,55.64932,0.0036387755999999724
9750,54.6557,0.0002506359999999942,55.18184,0.0069202383999999156,54.78315,0.00022131049999998278,55.71162,0.0004424415999999989,55.64855,0.003578238499999959
9800,54.655330000000006,0.00024358210000000443,55.181529999999995,0.006954298099999952,54.78315,0.00022131049999998278,55.71162,0.0004424415999999989,55.64824,0.0036237744000000094
9850,54.654959999999996,0.0002515704000000087,55.181129999999996,0.007015042099999919,54.78315,0.00022131049999998278,55.71051,0.00049220289999999,55.64824,0.0036237744000000094
9900,54.65493,0.0002512341000000134,55.180330000000005,0.007020050099999916,54.78315,0.00022131049999998278,55.71013000000001,0.00046471009999996286,55.64824,0.0036237744000000094
9950,54.6549,0.0002509140000000102,55.17993,0.007051754099999899,54.78315,0.00022131049999998278,55.71013000000001,0.00046471009999996286,55.64824,0.0036237744000000094
10000,54.6549,0.0002509140000000102,55.1783,0.007100565999999838,54.78315,0.00022131049999998278,55.70985,0.00045484849999996146,55.64778,0.003561233599999907
