gen,bandit_adaptive mean,bandit_adaptive var,random_ops mean,random_ops var,fixed_ops mean,fixed_ops var
50,0.07382252,2.461394113600003e-06,0.07082374,2.7133854903999955e-06,0.07612661,3.1765877089000065e-06
100,0.06699785,4.6889317705000035e-06,0.06463988,4.317777529599998e-06,0.06838085,2.7347782645000014e-06
150,0.06294854,5.634959544400004e-06,0.061299919999999994,3.3543151076000064e-06,0.06391881,2.8910619168999984e-06
200,0.05992538000000001,4.439338629600005e-06,0.05890023,2.8644695480999994e-06,0.060622960000000004,1.5400836044000008e-06
250,0.05732275,5.1131178805000026e-06,0.05680425,2.783166622499998e-06,0.058469150000000004,1.3358642964999985e-06
300,0.05531967,3.668798712100005e-06,0.05517755,3.033232334499999e-06,0.056914070000000004,1.6603151500999998e-06
350,0.05371009,3.4082482289e-06,0.05365605,3.2007730224999973e-06,0.05558644,2.6272041723999977e-06
400,0.052292399999999996,3.377941024000002e-06,0.05256519,3.341606272900004e-06,0.054540540000000005,3.0076273064000003e-06
450,0.05126693,2.816177216100001e-06,0.051640620000000005,3.256811281600001e-06,0.053665700000000004,3.0637047520000003e-06
500,0.05047984,2.468153602399998e-06,0.05080633,2.5536111861000004e-06,0.05279427,2.9840918281000007e-06
550,0.04974381,2.3708023028999987e-06,0.04993354,2.0011093404000005e-06,0.052064049999999994,2.705056432499999e-06
600,0.04900595,2.0988347624999974e-06,0.04907048,2.060127523600001e-06,0.051374569999999994,2.6150231381e-06
650,0.04847997,2.0588595360999987e-06,0.04844023,2.0761205761000003e-06,0.050781160000000006,2.310418566399999e-06
700,0.048013230000000004,2.0241728721000006e-06,0.04788425,2.077240742500001e-06,0.050281299999999994,2.3114050260000007e-06
750,0.04746081,1.9788544908999993e-06,0.047422360000000004,2.184889858399997e-06,0.04986593,2.2849682401e-06
800,0.047036299999999996,1.9901399819999994e-06,0.0470077,2.063255914e-06,0.04940783,2.159141756099997e-06
850,0.04668785,1.9606505144999997e-06,0.046632190000000004,1.9031912709e-06,0.0489406,2.035480730000003e-06
900,0.04629883,1.7509124501000002e-06,0.046256530000000004,1.853608102099999e-06,0.04850747,2.0594370341000003e-06
950,0.045978019999999994,1.674562083600002e-06,0.04592083,1.8008946321000003e-06,0.0482031,1.918990624e-06
1000,0.04562256,1.6852504263999985e-06,0.045629949999999996,1.8048861984999993e-06,0.04791396,1.9760780984000007e-06
1050,0.04533001,1.6595880789000004e-06,0.04530784,1.9061368003999987e-06,0.047540139999999995,1.7566898584000002e-06
1100,0.04506657,1.7093785781000015e-06,0.04504821,1.9248444169000013e-06,0.0472542,1.5680993659999986e-06
1150,0.04481198,1.6993017255999956e-06,0.044833109999999995,1.9461952129000014e-06,0.046954590000000004,1.6204230789000016e-06
1200,0.04457671,1.713151800899998e-06,0.04461201,1.8535889609e-06,0.046660820000000006,1.530007435600001e-06
1250,0.04431561,1.8057977309000006e-06,0.044383,1.9408551259999987e-06,0.04634667,1.4920218860999982e-06
1300,0.04412695,1.8038821185000003e-06,0.04414063,2.054826812100002e-06,0.04606503,1.5292242821e-06
1350,0.04390264,1.755418716399999e-06,0.04395342,2.0289384315999987e-06,0.04581305,1.4556356024999992e-06
1400,0.04369948,1.7236282335999989e-06,0.04373908,1.8734515055999997e-06,0.04560211,1.4531158408999998e-06
1450,0.04352571,1.8043481129000003e-06,0.04359264,1.9309168263999997e-06,0.04540482,1.4830049015999989e-06
1500,0.043349280000000004,1.8040803455999991e-06,0.04335705,1.6330220684999973e-06,0.0452252,1.4970647019999976e-06
1550,0.043230950000000004,1.7372123084999983e-06,0.0431166,1.4464688499999997e-06,0.04505303,1.4864288640999983e-06
1600,0.04310656,1.752389814400002e-06,0.042914629999999995,1.4408548941000023e-06,0.04487294,1.4660859663999981e-06
1650,0.04296609,1.7300457388999992e-06,0.042783260000000004,1.4457513843999986e-06,0.04466147,1.5542373840999977e-06
1700,0.04282128,1.7449984995999996e-06,0.04263446,1.4104795103999998e-06,0.0444592,1.6248137380000027e-06
1750,0.04271727,1.740699980099999e-06,0.04247612,1.3352077716000026e-06,0.044282510000000004,1.6270170689000002e-06
1800,0.042643310000000004,1.7265984548999977e-06,0.04232238,1.3511916335999997e-06,0.04410274,1.7175040384000013e-06
1850,0.0425663,1.7389218440000009e-06,0.04217299,1.261546482900001e-06,0.04394377,1.735924564100001e-06
1900,0.042464550000000004,1.736743266500003e-06,0.04202802,1.1791000135999994e-06,0.043798920000000005,1.7386900755999997e-06
1950,0.04238779,1.7447482749e-06,0.04189655,1.1678373624999996e-06,0.043676400000000004,1.7396348680000018e-06
2000,0.04228464,1.7883261144000039e-06,0.04180833,1.1322994540999978e-06,0.043510549999999995,1.7799110005000004e-06
2050,0.04217557,1.8746162421000012e-06,0.0417219,1.1219545500000016e-06,0.04339872,1.7773536335999987e-06
2100,0.04211975,1.8751259805000023e-06,0.04164194,1.1035724803999997e-06,0.043281599999999996,1.8260699640000026e-06
2150,0.042073929999999995,1.7976758601000016e-06,0.04155271,1.1312520349000004e-06,0.04318965,1.857405364499998e-06
2200,0.041992089999999996,1.7655003809000038e-06,0.0414741,1.1223033479999984e-06,0.043078500000000006,1.8631823079999975e-06
2250,0.04192134,1.714500314400004e-06,0.04138386,1.0978646824000004e-06,0.0429726,1.8395863040000017e-06
2300,0.04181123,1.7487500581000032e-06,0.04129768,1.129853591600001e-06,0.04284692,1.8928588195999995e-06
2350,0.04175179,1.7108710909000008e-06,0.04120552,1.0761419556000002e-06,0.04273896,1.8613795683999966e-06
2400,0.04168794,1.7001771943999994e-06,0.04109247,1.0714188600999995e-06,0.04264056,1.8805068604000004e-06
2450,0.04160494,1.5690523883999997e-06,0.04102158,1.0644448095999993e-06,0.04253487,1.8561320301000012e-06
2500,0.04151546,1.586923278399999e-06,0.04094969,1.0440336969000002e-06,0.042467939999999996,1.8009780623999978e-06
2550,0.041446489999999996,1.5563550229000004e-06,0.04089517,1.0502565660999987e-06,0.0423688,1.7899921320000013e-06
2600,0.041411340000000005,1.5078348063999997e-06,0.04082473,1.0393196521e-06,0.04228472,1.8142462055999974e-06
2650,0.04136495,1.5102143264999996e-06,0.040756589999999995,1.0046839208999992e-06,0.04218641,1.8231721689000013e-06
2700,0.0413192,1.508517267999999e-06,0.04070156,1.0060811844000004e-06,0.04209212,1.7931979016000038e-06
2750,0.04126201,1.4475871928999999e-06,0.04062848,9.589549935999979e-07,0.04200895,1.739131566499996e-06
2800,0.04120278,1.457811745599998e-06,0.04055951,9.714456968999995e-07,0.041912109999999995,1.7551983469000005e-06
2850,0.04112946,1.4805591743999996e-06,0.0404958,9.675691700000013e-07,0.041810570000000005,1.781266908099997e-06
2900,0.04107594,1.4432862703999992e-06,0.040429900000000005,9.519740400000017e-07,0.04172099,1.7617929528999963e-06
2950,0.04103578,1.4378309215999992e-06,0.04036866,9.693549023999997e-07,0.04164524,1.7983138243999992e-06
3000,0.04098702,1.4537126196e-06,0.04029423,9.48806080099999e-07,0.041582390000000004,1.8305837269000017e-06
3050,0.04095939,1.4748538229000003e-06,0.04024208,9.512031476000005e-07,0.04150903,1.8122531760999994e-06
3100,0.040904100000000006,1.5022462799999976e-06,0.04019251,9.519884248999993e-07,0.04143923,1.8418807020999973e-06
3150,0.04086148,1.498728977599998e-06,0.04014019,9.726791708999999e-07,0.04137673,1.8437635940999993e-06
3200,0.04082302,1.4974811156e-06,0.0401048,9.85206455999999e-07,0.04130719,1.8264110789000015e-06
3250,0.04078127,1.5192490280999996e-06,0.040056009999999996,9.703805368999994e-07,0.04123831,1.8731048289000003e-06
3300,0.04074394,1.563647764400001e-06,0.04001688,9.658759755999995e-07,0.04117622,1.9175879535999974e-06
3350,0.040690330000000004,1.6283549581e-06,0.03998315,9.446311944999973e-07,0.04111806,1.952884342400004e-06
3400,0.04066347,1.6471504100999992e-06,0.039940130000000004,9.520565580999998e-07,0.041045120000000004,1.9633677576000004e-06
3450,0.04063165,1.6475690664999988e-06,0.0399024,9.538358419999982e-07,0.04098819,1.944505066900002e-06
3500,0.04061446,1.658593072400001e-06,0.03986663,9.371386621000004e-07,0.04093764,1.924684830399999e-06
3550,0.04058986,1.6784386663999984e-06,0.03979293,9.267380521000013e-07,0.04089122,1.9115611796e-06
3600,0.040570659999999995,1.6989649423999972e-06,0.03973976,9.201137284000003e-07,0.04084703,1.9126806380999962e-06
3650,0.0405166,1.6861970279999982e-06,0.039686559999999996,9.386982463999979e-07,0.04078226,1.938616544400002e-06
3700,0.0404729,1.7077576980000011e-06,0.03963467,9.508987961000004e-07,0.04074288,1.9471788356e-06
3750,0.040421429999999994,1.7918447141000025e-06,0.03960333,9.610802021000003e-07,0.040702890000000005,1.9387637268999974e-06
3800,0.040392460000000005,1.8139506184000013e-06,0.039558670000000004,9.926838161000024e-07,0.04064851,1.9663779469000002e-06
3850,0.04032615,1.8500685385000017e-06,0.03949957,1.0633170620999985e-06,0.0406109,1.9397328679999975e-06
3900,0.04028484,1.8861454344000023e-06,0.039450219999999994,1.127760089599998e-06,0.04055445,1.9595574105000024e-06
3950,0.04025539,1.914243146900002e-06,0.03941498,1.1280699176000003e-06,0.04050956,1.9549896503999963e-06
4000,0.04023605,1.9278613905000016e-06,0.03937157,1.1495793221000004e-06,0.04046441,1.9834381669000006e-06
4050,0.04019298,1.9011576415999984e-06,0.03932553,1.1473722201000008e-06,0.04042319,1.9451764868999997e-06
4100,0.04016037,1.918850212100002e-06,0.03929301,1.1381748049000016e-06,0.040362949999999995,1.9333825105000017e-06
4150,0.040135330000000004,1.9387169821000013e-06,0.03923973,1.1521557820999963e-06,0.04032068,1.960676163599998e-06
4200,0.04008071,1.9474515388999994e-06,0.039201549999999995,1.1450312885000015e-06,0.04027613,1.9613302881000045e-06
4250,0.04004216,1.9496729104000007e-06,0.03916103,1.1723900041000009e-06,0.04021183,1.9923487900999987e-06
4300,0.039995249999999996,1.9504471565e-06,0.03911071,1.1862938209e-06,0.04018332,1.998465677599999e-06
4350,0.039956210000000006,1.976541680900001e-06,0.03907789,1.1591718789000025e-06,0.04014574,2.0224019624000007e-06
4400,0.03990085,2.020707780499999e-06,0.03901509,1.1485273208999978e-06,0.04011536,2.0317155204000015e-06
4450,0.03986231,2.0636471289000008e-06,0.038982,1.1589718620000009e-06,0.040087040000000004,2.028400614399997e-06
4500,0.03983169,2.1144293629e-06,0.03896131,1.166512672899999e-06,0.040043709999999996,2.063506714899999e-06
4550,0.03981392,2.144316933600002e-06,0.03893253,1.1586963901000029e-06,0.03999959,2.0648463608999985e-06
4600,0.03980207,2.1598528881000003e-06,0.03889571,1.1271747309e-06,0.03995221,2.0977998368999974e-06
4650,0.039764129999999995,2.1829181321000033e-06,0.03886486,1.1391060983999987e-06,0.03992634,2.1227884403999993e-06
4700,0.0397285,2.241857543999998e-06,0.03882466,1.1305863704000009e-06,0.03990823,2.1406462781000014e-06
4750,0.039713530000000004,2.2616896920999988e-06,0.038783670000000006,1.135142332099998e-06,0.039880149999999996,2.1508734725000014e-06
4800,0.039693259999999994,2.2782540223999975e-06,0.03875957,1.141738854100001e-06,0.03984303,2.1716498140999988e-06
4850,0.03968319,2.2978809928999964e-06,0.038698670000000004,1.165904034100001e-06,0.03980634,2.1848362384000018e-06
4900,0.03965328,2.350596587599998e-06,0.03866501,1.1534295589000018e-06,0.03975856,2.205074222400002e-06
4950,0.03963466,2.3781434323999988e-06,0.03863501,1.1510835828999999e-06,0.03971707,2.2264449100999974e-06
5000,0.03961806,2.403917562400001e-06,0.038603900000000003,1.1663943020000015e-06,0.03968102,2.2353525796000016e-06
5050,0.03958968,2.4385274476000006e-06,0.03856964,1.164919466399998e-06,0.03965402,2.2345310116e-06
5100,0.03957931,2.4573769108999995e-06,0.038552789999999997,1.1627805489000005e-06,0.0396327,2.2440493319999973e-06
5150,0.039560490000000004,2.4913674169000004e-06,0.03851686,1.1646690423999975e-06,0.03960409,2.2776858328999993e-06
5200,0.039533620000000005,2.533133931600001e-06,0.03849302,1.1875176615999986e-06,0.039574609999999996,2.3066054108999962e-06
5250,0.03951883,2.5647762361000034e-06,0.03847282,1.1704485775999994e-06,0.03954576,2.318123374399997e-06
5300,0.03950152,2.589183491600001e-06,0.03844928,1.180340225600001e-06,0.039515220000000004,2.3462551035999998e-06
5350,0.0394836,2.6078120540000023e-06,0.03841945,1.1908486745000025e-06,0.03948622,2.368934401599997e-06
5400,0.03946003,2.622703476100003e-06,0.03840396,1.1908847504000004e-06,0.03945605,2.383721948500002e-06
5450,0.03942159,2.6702975069000027e-06,0.038378060000000006,1.1813888404000011e-06,0.03942651,2.4286700588999972e-06
5500,0.0394025,2.697228754000002e-06,0.038357760000000005,1.1852978904e-06,0.03940739,2.431108660900003e-06
5550,0.03937678,2.722136097600002e-06,0.03833994,1.2021453044000006e-06,0.03937812,2.4583249776e-06
5600,0.039362350000000004,2.749460338500001e-06,0.03832386,1.1958111984e-06,0.03935069,2.495048924900004e-06
5650,0.039350829999999996,2.770273956100001e-06,0.038303330000000003,1.200235942100002e-06,0.039320270000000004,2.5240515060999983e-06
5700,0.03933031,2.788971708900003e-06,0.03828742,1.1951588395999997e-06,0.0392975,2.533907884e-06
5750,0.039311780000000004,2.8220813396000036e-06,0.03825923,1.2006166221000006e-06,0.03927626,2.5566933983999956e-06
5800,0.0392966,2.851486742000002e-06,0.03822921,1.2053413289000002e-06,0.03925899,2.5582800008999984e-06
5850,0.03927833,2.8625783381e-06,0.038210480000000005,1.2051159416000017e-06,0.03923082,2.5547212956e-06
5900,0.039255620000000005,2.898373379600001e-06,0.03819268,1.210916419599998e-06,0.039186320000000004,2.601667801599999e-06
5950,0.03922445,2.9434662465000023e-06,0.03817551,1.2132462649000002e-06,0.03916507,2.620701064100001e-06
6000,0.03920631,2.9812197528999988e-06,0.03814903,1.2581082080999969e-06,0.03914713,2.615622160099998e-06
6050,0.03919125,3.015438328499998e-06,0.0381323,1.2698412560000024e-06,0.03912809,2.594489046899998e-06
6100,0.03917738,3.044940749599999e-06,0.03811876,1.2799375784000003e-06,0.03910781,2.6055049769000036e-06
6150,0.03916113,3.0659087921000014e-06,0.03810112,1.2783991395999984e-06,0.03908233,2.642872680099998e-06
6200,0.039151000000000005,3.079739926000002e-06,0.03808995,1.273563892499997e-06,0.03906573,2.6512687580999997e-06
6250,0.039136080000000004,3.111072411600001e-06,0.038072,1.277393127999999e-06,0.0390465,2.652780888000004e-06
6300,0.03912684,3.1331118204000022e-06,0.03803973,1.303320716099999e-06,0.039038489999999995,2.6351215749000006e-06
6350,0.03911196,3.1568796803999996e-06,0.038018869999999996,1.3052112381000017e-06,0.039024800000000005,2.6260155340000006e-06
6400,0.03910379,3.1684035808999986e-06,0.03800418,1.3144899995999995e-06,0.03901405,2.6149665764999996e-06
6450,0.03908342,3.1896362935999994e-06,0.03798594,1.3143401543999988e-06,0.03899138,2.6276529395999974e-06
6500,0.039074359999999995,3.1576421504e-06,0.03796453,1.3217296180999982e-06,0.03898006,2.6066848284000024e-06
6550,0.03906371,3.1729557308999997e-06,0.03794048,1.3349694415999983e-06,0.0389562,2.651255579999999e-06
6600,0.03905124,3.1927138464000007e-06,0.03791588,1.3474492715999984e-06,0.0389334,2.683266305999998e-06
6650,0.039038630000000005,3.2033933381e-06,0.03790864,1.3546696603999994e-06,0.03891663,2.7009803741000018e-06
6700,0.03901554,3.197488134399999e-06,0.03790287,1.3575812921e-06,0.03890026,2.7250381823999986e-06
6750,0.039001469999999996,3.200186168099997e-06,0.03789268,1.3566330836000012e-06,0.03888714,2.7394798484000036e-06
6800,0.03899049,3.180241338899997e-06,0.03788399,1.3658380089000008e-06,0.0388721,2.7283985940000006e-06
6850,0.0389799,3.1752466419999997e-06,0.03787142,1.3847984016000016e-06,0.03885861,2.724423794899999e-06
6900,0.03896508,3.1622749635999968e-06,0.03786578,1.3846760415999986e-06,0.038846210000000006,2.7280016149000023e-06
6950,0.03895269,3.1403664849000043e-06,0.037858170000000003,1.3917715260999984e-06,0.038827,2.7248691860000015e-06
7000,0.038929389999999994,3.1099409448999996e-06,0.03785018,1.3972120075999987e-06,0.03881546,2.743884520399999e-06
7050,0.038918140000000004,3.106514634400002e-06,0.037834980000000004,1.4060089275999965e-06,0.03880244,2.709762914400001e-06
7100,0.03889318,3.1227104495999974e-06,0.03782487,1.4055872821000002e-06,0.038791690000000004,2.717667146899996e-06
7150,0.038883829999999994,3.127552286099999e-06,0.03780917,1.3975366321000008e-06,0.03877988,2.7228388116000007e-06
7200,0.0388625,3.126822107999995e-06,0.03779777,1.4036254780999976e-06,0.03876603,2.7428378121e-06
7250,0.038845210000000005,3.1238470269e-06,0.03778011,1.376592196900001e-06,0.03875353,2.7375230640999984e-06
7300,0.0388301,3.0825162519999977e-06,0.037765599999999996,1.378693434e-06,0.03873552,2.754581249599996e-06
7350,0.038821220000000004,3.0722725556000016e-06,0.03775095,1.3876400025000013e-06,0.03872117,2.7645561160999967e-06
7400,0.03880486,3.0358337504e-06,0.03772769,1.3259668308999984e-06,0.03870693,2.762517544100002e-06
7450,0.03879746,3.0274257504000003e-06,0.03771565,1.3478311544999986e-06,0.03869313,2.7511501321000015e-06
7500,0.03878569,3.0200311828999993e-06,0.03769194,1.3866574763999974e-06,0.03868051,2.7495407669e-06
7550,0.03877768,3.0039864415999994e-06,0.03768337,1.3891475920999965e-06,0.038668049999999995,2.777057890500002e-06
7600,0.038767010000000005,2.9999038868999947e-06,0.0376673,1.392848519999999e-06,0.03865762,2.7575407016000017e-06
7650,0.03875534,2.991497150399996e-06,0.03764948,1.4002284516000008e-06,0.03864764,2.7680327104000036e-06
7700,0.03874383,2.9978303000999987e-06,0.03764158,1.4054928215999986e-06,0.03863879,2.7686972249e-06
7750,0.0387254,3.0205002799999944e-06,0.03763095,1.4074203985000012e-06,0.03863069,2.7726721069000004e-06
7800,0.03871281,3.0342231009000005e-06,0.03762009,1.4159412889000008e-06,0.03862295,2.770848814500001e-06
7850,0.0387046,3.020090600000003e-06,0.037607220000000004,1.4020364876000032e-06,0.03860774,2.7698472964000026e-06
7900,0.03868912,3.0358304676000003e-06,0.03759291,1.3966973889000017e-06,0.03860003,2.7522710260999978e-06
7950,0.03867472,3.0152183015999998e-06,0.03758355,1.3918810245000003e-06,0.03859024,2.7621634303999996e-06
8000,0.03866735,3.0270391824999985e-06,0.037552220000000004,1.3503750495999982e-06,0.038580760000000006,2.7713851864000004e-06
8050,0.03865945,3.0470690345000007e-06,0.037543349999999996,1.3571506905000005e-06,0.03856796,2.7637582504e-06
8100,0.03864305,3.016068752500001e-06,0.03753575,1.3529845564999986e-06,0.03855749,2.7676212549000007e-06
8150,0.038631769999999996,3.025128656100002e-06,0.03752647,1.3458610961000014e-06,0.03854656,2.7675229403999994e-06
8200,0.0386274,3.0262552880000027e-06,0.03750846,1.3420654224000028e-06,0.038536680000000004,2.7745708935999973e-06
8250,0.038619930000000004,3.038697210100001e-06,0.037501969999999996,1.3388593220999988e-06,0.03852741,2.7752346169000004e-06
8300,0.038612350000000004,3.050903950500001e-06,0.03748952,1.3304671795999963e-06,0.0385164,2.755934054000001e-06
8350,0.0386052,3.0542583320000014e-06,0.03747784,1.3335591903999988e-06,0.03850339,2.7645916049000003e-06
8400,0.03858857,3.0434215820999974e-06,0.03747483,1.3277204741e-06,0.03849725,2.7594907965000015e-06
8450,0.03857582,3.0705060675999977e-06,0.03746928,1.3214160335999968e-06,0.038487969999999996,2.7611952141000004e-06
8500,0.03856771,3.0644253668999955e-06,0.037461100000000004,1.3199545259999977e-06,0.038477620000000004,2.775967893599999e-06
8550,0.038554820000000004,3.0923810535999954e-06,0.03744917,1.3325871840999976e-06,0.03846624,2.7994364543999966e-06
8600,0.03854805,3.0953263244999955e-06,0.03743608,1.3320622475999982e-06,0.03846184,2.8019075924000014e-06
8650,0.03853811,3.112087610899998e-06,0.03742458,1.320000293599998e-06,0.03845429,2.8021455289000003e-06
8700,0.038531510000000005,3.109984566899998e-06,0.03741872,1.325905575599999e-06,0.03844077,2.8165659620999993e-06
8750,0.03851751,3.1139345128999994e-06,0.03741275,1.3223265464999976e-06,0.03843536,2.820217888399999e-06
8800,0.03850958,3.1264358916e-06,0.03740219,1.3261746728999991e-06,0.03842868,2.8260665575999997e-06
8850,0.03850076,3.1424143023999975e-06,0.03739376,1.3179592524000006e-06,0.03841882,2.837678771599995e-06
8900,0.03849462,3.153432715599998e-06,0.03738525,1.3300921005000018e-06,0.0384095,2.8347213939999996e-06
8950,0.03848941,3.1622994829000003e-06,0.037380380000000005,1.3300119455999996e-06,0.03840366,2.840582000400002e-06
9000,0.03847904,3.185589334399999e-06,0.03736093,1.3264839641000013e-06,0.03839783,2.8457421741000054e-06
9050,0.0384667,3.2025625019999993e-06,0.03735637,1.319911304099998e-06,0.03839217,2.856432768099996e-06
9100,0.03845605,3.1990024484999995e-06,0.03734735,1.3201540824999988e-06,0.0383854,2.8518120040000007e-06
9150,0.0384467,3.1878699220000025e-06,0.03732229,1.312957120900002e-06,0.03837719,2.8476075469000006e-06
9200,0.03844249,3.1965324968999983e-06,0.03731305,1.3146795985000012e-06,0.03837102,2.8464518495999982e-06
9250,0.03842423,3.237558036099998e-06,0.037304130000000005,1.3100808341000004e-06,0.038364789999999996,2.8566593209e-06
9300,0.038417259999999995,3.2328830564000002e-06,0.03729481,1.318680494899998e-06,0.03835808,2.854231465599997e-06
9350,0.03840712,3.2537736796000034e-06,0.03728939,1.3242850429000023e-06,0.03835042,2.8504048916e-06
9400,0.038394109999999995,3.245260446900003e-06,0.03728259,1.3207898929000012e-06,0.03834508,2.853141717599997e-06
9450,0.03838587,3.2648944520999995e-06,0.037273650000000005,1.3153376245000004e-06,0.03833612,2.8481341416e-06
9500,0.038379960000000005,3.273776030399997e-06,0.03726273,1.3112865320999993e-06,0.03833333,2.8457013760999974e-06
9550,0.03836947,3.296493806100002e-06,0.03725425,1.3212326844999997e-06,0.03832374,2.8684427984e-06
9600,0.038362810000000004,3.3008610728999978e-06,0.03724333,1.3102102501000023e-06,0.038318069999999996,2.8631360401000016e-06
9650,0.03835577,3.303593686099997e-06,0.037235859999999996,1.315369944400001e-06,0.038309880000000004,2.873995585599997e-06
9700,0.03834838,3.3118303175999996e-06,0.03722448,1.3114369316000012e-06,0.03830382,2.877345103599998e-06
9750,0.0383316,3.3365810940000015e-06,0.037214239999999996,1.3222151964e-06,0.0382976,2.8826113560000015e-06
9800,0.03832012,3.3392958856000015e-06,0.03721203,1.316934862100001e-06,0.03829182,2.8890040155999992e-06
9850,0.03830542,3.3297214716000014e-06,0.037205310000000005,1.3135122928999989e-06,0.03828348,2.8951751576e-06
9900,0.038291950000000005,3.3382119265000018e-06,0.03718801,1.3030344509000001e-06,0.0382754,2.899366732e-06
9950,0.038283319999999996,3.348449743600003e-06,0.03717903,1.2964758941000033e-06,0.03826952,2.903329311599996e-06
10000,0.038271,3.356805564e-06,0.03715867,1.276829028100001e-06,0.038265640000000004,2.8998109944e-06
