gen,bandit_adaptive mean,bandit_adaptive var,fixed_ops mean,fixed_ops var
50,0.3790931,7.578122900000046e-07,0.3819361,4.377418900000037e-07
100,0.3720408,1.0811355600000012e-06,0.3763993,1.396573009999989e-06
150,0.3662324,6.473916400000139e-07,0.3715059,1.936472289999983e-06
200,0.36261329999999997,5.324316099999934e-07,0.36743939999999997,2.3123762399999994e-06
250,0.3604811,8.054466900000105e-07,0.36398790000000003,3.2927626900000254e-06
300,0.3590311,7.993192900000049e-07,0.3614818,3.616206560000001e-06
350,0.35797310000000004,5.076078899999986e-07,0.3600952,4.705607960000009e-06
400,0.3569559,6.323494900000035e-07,0.3597071,5.195066089999981e-06
450,0.3561105,7.834638499999995e-07,0.3595376,5.676395239999989e-06
500,0.3552281,6.858166899999904e-07,0.35944560000000003,5.651804239999992e-06
550,0.3543784,6.176646400000001e-07,0.3594231,5.6337524899999945e-06
600,0.35377200000000003,6.916287999999968e-07,0.3593966,5.650148039999994e-06
650,0.353145,6.216430000000102e-07,0.3593966,5.650148039999994e-06
700,0.35246900000000003,6.113990000000077e-07,0.3593456,5.654850239999994e-06
750,0.3520114,4.804270399999938e-07,0.3593108,5.675277959999993e-06
800,0.3516376,5.569380400000003e-07,0.3593088,5.652913160000033e-06
850,0.3511149,9.262774900000228e-07,0.3592086,5.393602040000006e-06
900,0.35073889999999996,1.0266842900000066e-06,0.35918609999999995,5.41542029000001e-06
950,0.35031219999999996,9.960919599999938e-07,0.35918609999999995,5.41542029000001e-06
1000,0.3498833,1.2407640100000033e-06,0.3591615,5.42254445000001e-06
1050,0.3496464,1.2639290399999866e-06,0.35915949999999996,5.42360245000001e-06
1100,0.3493215,1.1387444499999732e-06,0.3590125,5.2854014500000045e-06
1150,0.34910929999999996,8.921698099999989e-07,0.3589921,5.425153690000029e-06
1200,0.3488294,8.587440400000075e-07,0.3589696,5.339804440000039e-06
1250,0.3485598,6.846549600000035e-07,0.3588736,5.312044440000031e-06
1300,0.34834740000000003,5.869806400000052e-07,0.3588021,5.379647690000033e-06
1350,0.3481675,6.319600499999995e-07,0.35877349999999997,5.291090650000031e-06
1400,0.3479285,5.412292499999972e-07,0.35872859999999995,5.359513840000035e-06
1450,0.34771,5.736908000000093e-07,0.35867550000000004,4.972371450000026e-06
1500,0.3474897,5.655096099999984e-07,0.3585918,5.030914160000007e-06
1550,0.3473199,6.016878900000136e-07,0.3585714,5.042648240000005e-06
1600,0.34721989999999997,5.233778900000042e-07,0.35852249999999997,4.704774649999988e-06
1650,0.3470545,5.660684499999939e-07,0.3584673,4.139626009999992e-06
1700,0.346983,5.738261999999973e-07,0.3584142,3.647734159999989e-06
1750,0.3468339,5.270116900000075e-07,0.3583794,3.6881126399999903e-06
1800,0.34665840000000003,4.574410399999973e-07,0.3583304,3.4766344399999795e-06
1850,0.34650919999999996,5.453343599999932e-07,0.3582364,3.5555948399999765e-06
1900,0.3463379,4.741632900000061e-07,0.3582343,3.5571944099999757e-06
1950,0.3462152,4.3478655999999736e-07,0.3582282,3.5622909599999737e-06
2000,0.346107,5.022586000000044e-07,0.35816689999999995,3.483387090000004e-06
2050,0.3459355,5.198022500000034e-07,0.3580833,3.258900410000011e-06
2100,0.34584760000000003,5.194626400000064e-07,0.3580792,3.2501243600000083e-06
2150,0.3456432,5.223043600000144e-07,0.3580792,3.2501243600000083e-06
2200,0.34553090000000003,5.65243690000005e-07,0.3580547,3.274058410000008e-06
2250,0.3454165,5.502452499999987e-07,0.3580527,3.2737932100000077e-06
2300,0.3453041,4.626570900000014e-07,0.35803029999999997,3.2582620100000375e-06
2350,0.34525510000000004,4.2864189000000877e-07,0.3580017,3.3414588100000347e-06
2400,0.3452102,3.7564996000000404e-07,0.3579669,3.320831490000023e-06
2450,0.3451019,3.5246728999999857e-07,0.3579669,3.320831490000023e-06
2500,0.345055,3.026398000000011e-07,0.3579567,3.3292730100000226e-06
2550,0.345004,3.565433999999979e-07,0.3578811,3.4044858900000204e-06
2600,0.344959,3.5844659999999554e-07,0.3578811,3.4044858900000204e-06
2650,0.3448875,3.4414004999999193e-07,0.3578771,3.408030690000018e-06
2700,0.3447731,4.025088899999984e-07,0.3578485,3.343669250000029e-06
2750,0.34472420000000004,5.052821600000045e-07,0.3577975,3.4304222500000307e-06
2800,0.3446997,4.812738100000001e-07,0.3577485,3.4036012500000237e-06
2850,0.34460379999999996,4.5827176000000007e-07,0.3576954,3.366955840000004e-06
2900,0.3445017,5.148822100000038e-07,0.3576667,3.3535698100000046e-06
2950,0.3444568,5.020213599999879e-07,0.3576177,3.4381566100000054e-06
3000,0.3443832,4.478563599999893e-07,0.35761560000000003,3.4302948400000084e-06
3050,0.3443443,4.6373400999999304e-07,0.3574869,3.3337176900000038e-06
3100,0.3443381,4.7029269000000405e-07,0.3574155,3.446296250000012e-06
3150,0.3443155,5.061520499999998e-07,0.357391,3.466717000000011e-06
3200,0.3442503,4.821950100000067e-07,0.3573481,3.661658890000016e-06
3250,0.3442014,4.1309324000001107e-07,0.3573481,3.661658890000016e-06
3300,0.3441523,3.9782481000000786e-07,0.357297,3.616631200000016e-06
3350,0.3441074,3.820956400000031e-07,0.3572357,3.6734992100000194e-06
3400,0.3440808,4.050175600000007e-07,0.35718869999999997,3.446816010000023e-06
3450,0.34405830000000004,3.837508100000032e-07,0.3571376,3.572384040000017e-06
3500,0.3440359,4.1010889000000546e-07,0.3571376,3.572384040000017e-06
3550,0.3440093,4.3358120999999904e-07,0.357109,3.5066212000000147e-06
3600,0.3439665,4.421886499999949e-07,0.357109,3.5066212000000147e-06
3650,0.3438787,4.49527210000003e-07,0.357109,3.5066212000000147e-06
3700,0.3438582,4.375531600000027e-07,0.357109,3.5066212000000147e-06
3750,0.3438582,4.375531600000027e-07,0.35710699999999995,3.5037172000000116e-06
3800,0.34383559999999996,4.1632704000000056e-07,0.35710699999999995,3.5037172000000116e-06
3850,0.3437682,3.9139835999998926e-07,0.3570581,3.5729724900000177e-06
3900,0.34376419999999996,3.892239599999902e-07,0.3570581,3.5729724900000177e-06
3950,0.3437398,3.971735599999944e-07,0.3570581,3.5729724900000177e-06
4000,0.34369489999999997,4.004152899999957e-07,0.3570581,3.5729724900000177e-06
4050,0.34365199999999996,4.289847999999969e-07,0.3570581,3.5729724900000177e-06
4100,0.34362539999999997,4.517384399999958e-07,0.3570316,3.5224820400000146e-06
4150,0.3435826,4.720352399999923e-07,0.3569826,3.4664358400000173e-06
4200,0.3435581,4.309978899999967e-07,0.3569826,3.4664358400000173e-06
4250,0.34347019999999995,4.800667600000015e-07,0.3569826,3.4664358400000173e-06
4300,0.3434293,4.6039381000000234e-07,0.35698050000000003,3.472118650000015e-06
4350,0.3433619,5.255974899999944e-07,0.35698050000000003,3.472118650000015e-06
4400,0.3433415,5.40926049999993e-07,0.35698050000000003,3.472118650000015e-06
4450,0.3432986,5.788886399999949e-07,0.3569702,3.4426241600000053e-06
4500,0.3432986,5.788886399999949e-07,0.3569212,3.572123560000008e-06
4550,0.3432128,6.323343600000043e-07,0.35684360000000004,3.601762840000004e-06
4600,0.3431822,6.928171600000024e-07,0.3568191,3.6692284900000044e-06
4650,0.3431516,6.776334400000034e-07,0.3567905,3.3843038499999955e-06
4700,0.3431311,7.011612899999983e-07,0.3567905,3.3843038499999955e-06
4750,0.3431311,7.011612899999983e-07,0.3567905,3.3843038499999955e-06
4800,0.3431107,6.995660099999983e-07,0.35676399999999997,3.4062325999999917e-06
4850,0.3430639,7.102220899999922e-07,0.3567354,3.1345154399999842e-06
4900,0.3430618,7.041965599999942e-07,0.3567354,3.1345154399999842e-06
4950,0.3430618,7.041965599999942e-07,0.3567354,3.1345154399999842e-06
5000,0.3430414,7.364530399999918e-07,0.3567334,3.140165039999975e-06
5050,0.3430414,7.364530399999918e-07,0.3567253,3.0658532099999768e-06
5100,0.342976,7.011599999999875e-07,0.3567253,3.0658532099999768e-06
5150,0.3429514,7.027360399999883e-07,0.3566681,3.1518476899999776e-06
5200,0.3429514,7.027360399999883e-07,0.3566681,3.1518476899999776e-06
5250,0.3429494,7.078216399999934e-07,0.3566436,3.2066958399999766e-06
5300,0.3429086,7.864840399999926e-07,0.3566212,3.1645009599999844e-06
5350,0.3429086,7.864840399999926e-07,0.3565987,3.2132562099999796e-06
5400,0.3428616,7.844062399999923e-07,0.3565742,3.2206527599999798e-06
5450,0.3428616,7.844062399999923e-07,0.3565742,3.2206527599999798e-06
5500,0.3428616,7.844062399999923e-07,0.356568,3.2180383999999834e-06
5550,0.3428616,7.844062399999923e-07,0.3565394,3.2182232399999902e-06
5600,0.3428616,7.844062399999923e-07,0.3565169,3.2807574899999832e-06
5650,0.3428616,7.844062399999923e-07,0.3564965,3.3453316499999774e-06
5700,0.3428595,7.903116499999902e-07,0.3564965,3.3453316499999774e-06
5750,0.3428595,7.903116499999902e-07,0.3564944,3.3252974399999833e-06
5800,0.3428575,7.931496499999852e-07,0.356472,3.1369624000000023e-06
5850,0.3428575,7.931496499999852e-07,0.3563759,3.378492690000002e-06
5900,0.3428514,7.765936399999911e-07,0.3563289,3.178051090000008e-06
5950,0.3428494,7.822592399999968e-07,0.3563289,3.178051090000008e-06
6000,0.3428494,7.822592399999968e-07,0.3563289,3.178051090000008e-06
6050,0.3428494,7.822592399999968e-07,0.3563289,3.178051090000008e-06
6100,0.3428494,7.822592399999968e-07,0.3563289,3.178051090000008e-06
6150,0.3428494,7.822592399999968e-07,0.3563289,3.178051090000008e-06
6200,0.3428289,7.540368899999958e-07,0.3563289,3.178051090000008e-06
6250,0.342788,8.463339999999905e-07,0.3563289,3.178051090000008e-06
6300,0.342788,8.463339999999905e-07,0.35630649999999997,3.227549650000017e-06
6350,0.342788,8.463339999999905e-07,0.3562616,3.325840240000025e-06
6400,0.342788,8.463339999999905e-07,0.3562616,3.325840240000025e-06
6450,0.342788,8.463339999999905e-07,0.3562167,3.2880724100000224e-06
6500,0.342788,8.463339999999905e-07,0.3562086,3.3002938400000365e-06
6550,0.342788,8.463339999999905e-07,0.3561658,3.2903421600000365e-06
6600,0.342786,8.463539999999904e-07,0.3561433,3.288274410000037e-06
6650,0.3427655,9.143422499999934e-07,0.3561433,3.288274410000037e-06
6700,0.3427655,9.143422499999934e-07,0.3561412,3.2886303600000366e-06
6750,0.3427655,9.143422499999934e-07,0.3561412,3.2886303600000366e-06
6800,0.3427655,9.143422499999934e-07,0.3561412,3.2886303600000366e-06
6850,0.3427655,9.143422499999934e-07,0.3560984,2.9076076400000005e-06
6900,0.3427635,9.213802500000003e-07,0.3560984,2.9076076400000005e-06
6950,0.3427635,9.213802500000003e-07,0.3560984,2.9076076400000005e-06
7000,0.3427635,9.213802500000003e-07,0.3560984,2.9076076400000005e-06
7050,0.3427614,9.149498400000024e-07,0.3560984,2.9076076400000005e-06
7100,0.3427308,9.536507600000017e-07,0.35609630000000003,2.9010844100000026e-06
7150,0.3427063,8.947732099999902e-07,0.3560493,2.9574156100000063e-06
7200,0.3426818,8.667609599999902e-07,0.3560493,2.9574156100000063e-06
7250,0.3426613,8.886160099999907e-07,0.3560493,2.9574156100000063e-06
7300,0.3426613,8.886160099999907e-07,0.3560493,2.9574156100000063e-06
7350,0.3426613,8.886160099999907e-07,0.3560493,2.9574156100000063e-06
7400,0.3426409,9.178736899999873e-07,0.3560493,2.9574156100000063e-06
7450,0.3426409,9.178736899999873e-07,0.3560472,2.9393629600000115e-06
7500,0.34262040000000005,8.986918399999916e-07,0.3560002,3.12047276e-06
7550,0.3426,8.971087999999927e-07,0.3560002,3.12047276e-06
7600,0.342598,8.90412799999986e-07,0.3560002,3.12047276e-06
7650,0.3425714,8.082028399999901e-07,0.35597979999999996,3.211456760000017e-06
7700,0.3425714,8.082028399999901e-07,0.35597979999999996,3.211456760000017e-06
7750,0.3425714,8.082028399999901e-07,0.35597979999999996,3.211456760000017e-06
7800,0.3425714,8.082028399999901e-07,0.35594919999999997,3.1913387600000045e-06
7850,0.3425714,8.082028399999901e-07,0.3559288,3.2169203600000007e-06
7900,0.3425714,8.082028399999901e-07,0.3559288,3.2169203600000007e-06
7950,0.3425714,8.082028399999901e-07,0.3559043,3.1414628100000033e-06
8000,0.3425714,8.082028399999901e-07,0.3559002,3.1426169600000033e-06
8050,0.342551,8.095981999999906e-07,0.3559002,3.1426169600000033e-06
8100,0.342551,8.095981999999906e-07,0.3559002,3.1426169600000033e-06
8150,0.3425306,8.768284399999846e-07,0.3559002,3.1426169600000033e-06
8200,0.3425306,8.768284399999846e-07,0.3559002,3.1426169600000033e-06
8250,0.3425306,8.768284399999846e-07,0.35584289999999996,3.0179936900000114e-06
8300,0.3425102,8.799047599999844e-07,0.3558225,2.9959086500000074e-06
8350,0.3425102,8.799047599999844e-07,0.3558225,2.9959086500000074e-06
8400,0.3425102,8.799047599999844e-07,0.3558184,2.9923740400000112e-06
8450,0.3425102,8.799047599999844e-07,0.3557735,2.9734666500000084e-06
8500,0.3425102,8.799047599999844e-07,0.3557735,2.9734666500000084e-06
8550,0.3425102,8.799047599999844e-07,0.3557735,2.9734666500000084e-06
8600,0.34248979999999996,9.071591599999897e-07,0.3557735,2.9734666500000084e-06
8650,0.34246940000000003,8.494108399999946e-07,0.3557735,2.9734666500000084e-06
8700,0.34246940000000003,8.494108399999946e-07,0.3557735,2.9734666500000084e-06
8750,0.34246940000000003,8.494108399999946e-07,0.3557735,2.9734666500000084e-06
8800,0.34246940000000003,8.494108399999946e-07,0.3557735,2.9734666500000084e-06
8850,0.34246940000000003,8.494108399999946e-07,0.3557735,2.9734666500000084e-06
8900,0.34246940000000003,8.494108399999946e-07,0.3557735,2.9734666500000084e-06
8950,0.34246940000000003,8.494108399999946e-07,0.3557735,2.9734666500000084e-06
9000,0.342449,7.991533999999853e-07,0.3557735,2.9734666500000084e-06
9050,0.3424265,8.084796499999867e-07,0.3557653,2.955468410000041e-06
9100,0.3424265,8.084796499999867e-07,0.3557653,2.955468410000041e-06
9150,0.3424265,8.084796499999867e-07,0.3557653,2.955468410000041e-06
9200,0.3424265,8.084796499999867e-07,0.3557653,2.955468410000041e-06
9250,0.3424245,8.097496499999846e-07,0.3557653,2.955468410000041e-06
9300,0.3424245,8.097496499999846e-07,0.3557653,2.955468410000041e-06
9350,0.3424245,8.097496499999846e-07,0.3557653,2.955468410000041e-06
9400,0.34239800000000004,7.911863999999876e-07,0.3557653,2.955468410000041e-06
9450,0.34239800000000004,7.911863999999876e-07,0.3557653,2.955468410000041e-06
9500,0.34239800000000004,7.911863999999876e-07,0.3557632,2.9643587600000384e-06
9550,0.34235509999999997,7.876716899999859e-07,0.3557306,2.8940360400000216e-06
9600,0.34235509999999997,7.876716899999859e-07,0.3557306,2.8940360400000216e-06
9650,0.34235509999999997,7.876716899999859e-07,0.3557102,2.9357091600000185e-06
9700,0.34235509999999997,7.876716899999859e-07,0.3556755,2.9779118500000206e-06
9750,0.3423347,7.261004099999916e-07,0.3556735,2.982261850000025e-06
9800,0.3423143,7.486832099999897e-07,0.3556735,2.982261850000025e-06
9850,0.3423143,7.486832099999897e-07,0.3556735,2.982261850000025e-06
9900,0.3423143,7.486832099999897e-07,0.3556735,2.982261850000025e-06
9950,0.3423143,7.486832099999897e-07,0.3556735,2.982261850000025e-06
10000,0.3423143,7.486832099999897e-07,0.3556245,2.552923850000032e-06
