algorithm,instance,scenario_family,severity,seed,best_fitness,runtime_sec,eval_budget
CCHIHH,T200,cloud_reduction,r10,1,0.0383727,19.391,400000
CGA,T200,cloud_reduction,r10,1,0.0612958,41.331,400000
DSAC-DE,T200,cloud_reduction,r10,1,0.0567309,84.909,400000
IMOMA,T200,cloud_reduction,r10,1,0.0459045,52.645,400000
CCHIHH,T200,cloud_reduction,r20,1,0.0410068,27.874,400000
CGA,T200,cloud_reduction,r20,1,0.0634108,42.665,400000
DSAC-DE,T200,cloud_reduction,r20,1,0.0563714,81.641,400000
IMOMA,T200,cloud_reduction,r20,1,0.0494041,49.982,400000
CCHIHH,T200,cloud_reduction,r30,1,0.0426277,31.179,400000
CGA,T200,cloud_reduction,r30,1,0.0665125,23.365,400000
DSAC-DE,T200,cloud_reduction,r30,1,0.0609315,85.994,400000
IMOMA,T200,cloud_reduction,r30,1,0.0500765,54.867,400000
CCHIHH,T200,communication_inflation,p20,1,0.0410533,31.7,400000
CGA,T200,communication_inflation,p20,1,0.0599334,43.763,400000
DSAC-DE,T200,communication_inflation,p20,1,0.055127,86.571,400000
IMOMA,T200,communication_inflation,p20,1,0.0493581,48.771,400000
CCHIHH,T200,communication_inflation,p40,1,0.0420191,31.892,400000
CGA,T200,communication_inflation,p40,1,0.0630326,41.149,400000
DSAC-DE,T200,communication_inflation,p40,1,0.0541844,86.019,400000
IMOMA,T200,communication_inflation,p40,1,0.0492408,51.128,400000
CCHIHH,T200,communication_inflation,p60,1,0.0386714,32.719,400000
CGA,T200,communication_inflation,p60,1,0.0677081,45.015,400000
DSAC-DE,T200,communication_inflation,p60,1,0.0579851,85.746,400000
IMOMA,T200,communication_inflation,p60,1,0.051728,50.889,400000
CCHIHH,T200,device_reduction,r10,1,0.0385841,32.522,400000
CGA,T200,device_reduction,r10,1,0.0600699,21.205,400000
DSAC-DE,T200,device_reduction,r10,1,0.05498,85.964,400000
IMOMA,T200,device_reduction,r10,1,0.0465913,46.664,400000
CCHIHH,T200,device_reduction,r20,1,0.0413932,32.377,400000
CGA,T200,device_reduction,r20,1,0.0627894,20.612,400000
DSAC-DE,T200,device_reduction,r20,1,0.0598635,86.049,400000
IMOMA,T200,device_reduction,r20,1,0.0492709,49.248,400000
CCHIHH,T200,device_reduction,r30,1,0.0400412,32.561,400000
CGA,T200,device_reduction,r30,1,0.0649435,46.519,400000
DSAC-DE,T200,device_reduction,r30,1,0.0557723,86.113,400000
IMOMA,T200,device_reduction,r30,1,0.0519796,26.589,400000
CCHIHH,T200,edge_reduction,r10,1,0.0391281,15.251,400000
CGA,T200,edge_reduction,r10,1,0.0575215,21.484,400000
DSAC-DE,T200,edge_reduction,r10,1,0.0479794,85.925,400000
IMOMA,T200,edge_reduction,r10,1,0.0406735,41.218,400000
CCHIHH,T200,edge_reduction,r20,1,0.0345676,32.043,400000
CGA,T200,edge_reduction,r20,1,0.052176,21.93,400000
DSAC-DE,T200,edge_reduction,r20,1,0.0481228,85.948,400000
IMOMA,T200,edge_reduction,r20,1,0.0405955,53.738,400000
CCHIHH,T200,edge_reduction,r30,1,0.0306635,32.164,400000
CGA,T200,edge_reduction,r30,1,0.0484719,21.207,400000
DSAC-DE,T200,edge_reduction,r30,1,0.0432549,86.26,400000
IMOMA,T200,edge_reduction,r30,1,0.0428709,53.117,400000
CCHIHH,T200,nominal,nominal,1,0.0343943,57.154,400000
CGA,T200,nominal,nominal,1,0.0496065,210.377,400000
DSAC-DE,T200,nominal,nominal,1,0.0455815,18.372,400000
IMOMA,T200,nominal,nominal,1,0.0561089,332.255,400000
CCHIHH,T500,cloud_reduction,r10,1,0.0293852,141.595,400000
CGA,T500,cloud_reduction,r10,1,0.0507328,124.66,400000
DSAC-DE,T500,cloud_reduction,r10,1,0.0463515,121.673,400000
IMOMA,T500,cloud_reduction,r10,1,0.0415453,194.607,400000
CCHIHH,T500,cloud_reduction,r20,1,0.0299638,135.088,400000
CGA,T500,cloud_reduction,r20,1,0.0517146,123.523,400000
DSAC-DE,T500,cloud_reduction,r20,1,0.0472444,120.026,400000
IMOMA,T500,cloud_reduction,r20,1,0.0397185,199.325,400000
CCHIHH,T500,cloud_reduction,r30,1,0.0285284,169.283,400000
CGA,T500,cloud_reduction,r30,1,0.0535795,145.7,400000
DSAC-DE,T500,cloud_reduction,r30,1,0.0489124,121.2,400000
IMOMA,T500,cloud_reduction,r30,1,0.0406567,197.644,400000
CCHIHH,T500,communication_inflation,p20,1,0.0294501,141.979,400000
CGA,T500,communication_inflation,p20,1,0.0491003,149.343,400000
DSAC-DE,T500,communication_inflation,p20,1,0.0459572,120.906,400000
IMOMA,T500,communication_inflation,p20,1,0.0399062,193.379,400000
CCHIHH,T500,communication_inflation,p40,1,0.02985,141.66,400000
CGA,T500,communication_inflation,p40,1,0.0519411,147.989,400000
DSAC-DE,T500,communication_inflation,p40,1,0.0432939,122.096,400000
IMOMA,T500,communication_inflation,p40,1,0.0406249,188.478,400000
CCHIHH,T500,communication_inflation,p60,1,0.0297409,142.369,400000
CGA,T500,communication_inflation,p60,1,0.0539139,140.077,400000
DSAC-DE,T500,communication_inflation,p60,1,0.0494694,121.437,400000
IMOMA,T500,communication_inflation,p60,1,0.0497276,180.32,400000
CCHIHH,T500,device_reduction,r10,1,0.0280747,146.654,400000
CGA,T500,device_reduction,r10,1,0.0488362,158.247,400000
DSAC-DE,T500,device_reduction,r10,1,0.047699,120.076,400000
IMOMA,T500,device_reduction,r10,1,0.0398017,192.571,400000
CCHIHH,T500,device_reduction,r20,1,0.0287938,145.205,400000
CGA,T500,device_reduction,r20,1,0.0500673,153.594,400000
DSAC-DE,T500,device_reduction,r20,1,0.0489025,120.757,400000
IMOMA,T500,device_reduction,r20,1,0.0411626,188.551,400000
CCHIHH,T500,device_reduction,r30,1,0.0319535,140.79,400000
CGA,T500,device_reduction,r30,1,0.0496358,141.475,400000
DSAC-DE,T500,device_reduction,r30,1,0.0484621,123.606,400000
IMOMA,T500,device_reduction,r30,1,0.0399388,197.065,400000
CCHIHH,T500,edge_reduction,r10,1,0.0280452,159.243,400000
CGA,T500,edge_reduction,r10,1,0.0446853,148.603,400000
DSAC-DE,T500,edge_reduction,r10,1,0.0403409,120.215,400000
IMOMA,T500,edge_reduction,r10,1,0.0360206,198.873,400000
CCHIHH,T500,edge_reduction,r20,1,0.026196,148.769,400000
CGA,T500,edge_reduction,r20,1,0.0429262,159.802,400000
DSAC-DE,T500,edge_reduction,r20,1,0.0393324,119.424,400000
IMOMA,T500,edge_reduction,r20,1,0.0418424,171.807,400000
CCHIHH,T500,edge_reduction,r30,1,0.0230712,143.31,400000
CGA,T500,edge_reduction,r30,1,0.038715,157.139,400000
DSAC-DE,T500,edge_reduction,r30,1,0.0359748,119.931,400000
IMOMA,T500,edge_reduction,r30,1,0.0368919,176.481,400000
CCHIHH,T500,nominal,nominal,1,0.027684,231.423,400000
CGA,T500,nominal,nominal,1,0.0397316,742.435,400000
DSAC-DE,T500,nominal,nominal,1,0.0345515,50.026,400000
IMOMA,T500,nominal,nominal,1,0.0468562,1208.62,400000
