gen,full_mean,full_var,full_ci95,nocc_mean,nocc_var,nocc_ci95
50,0.05495153,1.4698069180999992e-06,0.0007514259947974223,0.05727992,9.217148435999991e-07,0.0005950512367161132
100,0.05077222,1.2715007896000007e-06,0.000698898950730888,0.05545815,6.762223204999998e-07,0.0005096837908382803
150,0.0483989,1.9073182440000005e-06,0.0008559879535455158,0.05431907,9.206123020999993e-07,0.0005946952345317186
200,0.04633273,2.261669518099999e-06,0.0009321174615215056,0.05362306,1.3002834064000005e-06,0.0007067650765301184
250,0.04471117,2.5283377561000013e-06,0.0009855385494151796,0.05305516,1.4430617663999988e-06,0.0007445579951758113
300,0.04326386,2.443367184400003e-06,0.0009688363832758888,0.05262327,1.4735775420999984e-06,0.0007523892267790224
350,0.04205097,2.225077708100003e-06,0.0009245462954031546,0.05215293,1.5379727300999987e-06,0.000768653110313889
400,0.04103797,2.3414476880999972e-06,0.0009484147530803678,0.05175743,1.6081014620999985e-06,0.0007859823520158295
450,0.04016045,2.1315906804999977e-06,0.0009049153970515028,0.05148251,1.8883254269e-06,0.0008517153843848918
500,0.03921657,1.542356182099999e-06,0.0007697477190063869,0.05119107,2.2974876780999973e-06,0.0009394694600778117
550,0.03856933,1.195912202100001e-06,0.0006778064853324555,0.05083133,2.480942008100001e-06,0.0009762574874651134
600,0.03796998,9.875438316000008e-07,0.000615934118512245,0.050620740000000004,2.7917038443999976e-06,0.0010355969046229828
650,0.037428420000000004,8.103502955999986e-07,0.0005579463859168687,0.05042172,3.0750869135999973e-06,0.001086887937520964
700,0.03693554,7.216993223999983e-07,0.0005265434566046599,0.05012915,3.5210329465000016e-06,0.0011630305312963372
750,0.03653255,6.615466864999995e-07,0.0005041227777891411,0.04979912,4.100798155599999e-06,0.001255134502535603
800,0.03615397,6.362981500999995e-07,0.00049440903849183,0.04949,4.624992193999998e-06,0.0013329429849948718
850,0.03575997,5.098753020999996e-07,0.0004425762036697588,0.04930362,5.026012211600004e-06,0.0013895297230387903
900,0.03540414,4.392320924000003e-07,0.0004107741479406708,0.04906365,5.442271704500002e-06,0.0014459263805604767
950,0.03507674,4.1651214039999934e-07,0.00040000912971589005,0.04883839,5.859238518900002e-06,0.0015002949941330288
1000,0.034787860000000004,3.747360184000004e-07,0.0003794187512874715,0.04854644,6.511741144400003e-06,0.0015816290582917048
1050,0.03450981,3.1886206690000047e-07,0.0003499915022115597,0.04825874,6.795587738400002e-06,0.0016157329561483063
1100,0.03425203,2.850116500999993e-07,0.00033089284595230485,0.04791377,7.506342486100001e-06,0.0016981273596112208
1150,0.03399585,2.762482765000003e-07,0.00032576607849842213,0.047746620000000004,8.027633703600004e-06,0.0017561024353878044
1200,0.03377299,2.598189608999997e-07,0.0003159304544030915,0.04757496,8.414878338399999e-06,0.0017979598611981703
1250,0.033553,2.7736335799999994e-07,0.00032642289688267884,0.04734505,9.2036827705e-06,0.001880342195749295
1300,0.03327581,2.3312343690000105e-07,0.00029926025382516865,0.0471645,9.808772694000005e-06,0.001941169265707409
1350,0.03306672,2.3696172959999952e-07,0.0003017138015456631,0.04695582,1.0315570889600001e-05,0.001990685739374434
1400,0.03285421,2.377137108999993e-07,0.0003021921560519792,0.04679017,1.0947773466100001e-05,0.002050779523678003
1450,0.0326461,1.9632709000000028e-07,0.00027462886755474214,0.04664878,1.1424268439599997e-05,0.0020949336418504367
1500,0.03247861,1.8744605089999942e-07,0.0002683454395247733,0.04648417,1.19441488001e-05,0.002142070074261441
1550,0.03230677,1.8705507209999886e-07,0.0002680654332396021,0.04634432,1.2372293055599997e-05,0.0021801238726823057
1600,0.03212843,1.642291521000001e-07,0.0002511777678671742,0.04612856,1.3124833264399998e-05,0.002245447827684247
1650,0.03196311,1.6777215289999966e-07,0.000253872704830716,0.0460264,1.3431281071999995e-05,0.002271510716818109
1700,0.0318148,1.745586639999995e-07,0.00025895647580672667,0.0459049,1.3849764565999998e-05,0.0023066264447618215
1750,0.03164106,1.762573664000005e-07,0.0002602134313908953,0.04578032,1.4334751125600002e-05,0.002346665291943122
1800,0.03148089,1.7366225489999956e-07,0.0002582907118778835,0.0456289,1.4796737413999997e-05,0.0023841800781321527
1850,0.03133661,1.7052754490000053e-07,0.0002559489434414297,0.04551118,1.5191826461599997e-05,0.0024158004995214846
1900,0.03119397,1.7084645009999987e-07,0.00025618815794336777,0.04524372,1.63652270196e-05,0.0025073622817314485
1950,0.0310754,1.6156936199999944e-07,0.0002491354774132335,0.04507603,1.68967442901e-05,0.002547754557739975
2000,0.03097783,1.455678621000002e-07,0.00023647695427744345,0.044788339999999996,1.4383435390399999e-05,0.0023506468342939274
2050,0.030868529999999998,1.3485535009999944e-07,0.0002276093831422944,0.044594930000000005,1.3563200526099998e-05,0.00228263862976744
2100,0.03076016,1.4453575439999987e-07,0.00023563712655331705,0.04443354,1.34620722924e-05,0.002274112946150297
2150,0.03066043,1.515455880999998e-07,0.00024128355336511422,0.04425878,1.3854634097599992e-05,0.0023070319102548222
2200,0.03052786,1.635575403999997e-07,0.000250663648581249,0.04411736,1.4470766108399998e-05,0.002357772149339911
2250,0.0304086,1.5597964200000005e-07,0.00024478794756016895,0.043984419999999996,1.4696100655599994e-05,0.0023760585068249677
2300,0.03031036,1.5302438239999992e-07,0.00024245792777878797,0.04388874,1.5039096832399994e-05,0.0024036263102102167
2350,0.03021575,1.6325743849999978e-07,0.00025043357916653254,0.04372357,1.5280268580099996e-05,0.0024228223165827113
2400,0.03011869,1.6406967890000036e-07,0.00025105578632292894,0.04361685,1.5652797172499993e-05,0.0024521783299318992
2450,0.03002374,1.7918035040000018e-07,0.0002623621988962283,0.04348895,1.628952998849999e-05,0.002501556683423775
2500,0.02992349,1.8461821490000006e-07,0.0002663135997953991,0.04333003,1.6824930910099992e-05,0.0025423346472138583
2550,0.02983464,1.9580321440000028e-07,0.0002742622154871212,0.04320691,1.7368613896899997e-05,0.002583084728504488
2600,0.02976423,2.062535300999999e-07,0.00028148597855526654,0.04307767,1.7229633576099998e-05,0.002572729296796415
2650,0.02968364,2.0727431839999992e-07,0.00028218168288629927,0.04298517,1.76001152981e-05,0.0026002423527275486
2700,0.02958848,2.0963777760000002e-07,0.00028378592044500027,0.04289657,1.7979653068099997e-05,0.0026281292819496714
2750,0.02950098,2.1974239960000066e-07,0.00029054473017133914,0.04280447,1.84299317201e-05,0.0026608349384344785
2800,0.029422379999999998,2.2683457559999973e-07,0.00029519615607676177,0.04264459,1.8709698980900002e-05,0.0026809546733398055
2850,0.02932476,2.5183042639999925e-07,0.00031103565166363764,0.04255377,1.9098279074100003e-05,0.002708651858232478
2900,0.02924934,2.655593184e-07,0.0003194014210308777,0.04245919,1.9556004470899996e-05,0.0027409185828004713
2950,0.029162630000000002,2.6860218409999964e-07,0.00032122611202057633,0.042325470000000004,2.0195529232099997e-05,0.0027853751111481437
3000,0.02906912,2.768901376000004e-07,0.00032614431661523116,0.04221559,2.0699661770900004e-05,0.0028199258972371856
3050,0.02899008,2.7238804959999985e-07,0.0003234819827043478,0.04210914,2.12268231484e-05,0.0028556078828665087
3100,0.02891745,2.907702904999997e-07,0.00033421896235623713,0.0420136,2.170954663e-05,0.0028878953293671843
3150,0.02884749,2.972488709000003e-07,0.0003379217753340914,0.04191043,2.2189637502099985e-05,0.0029196525722775184
3200,0.02878243,3.0149851409999987e-07,0.0003403287663078982,0.04181897,2.2620031296099993e-05,0.002947831613696714
3250,0.02871434,3.0240280240000036e-07,0.00034083876036915777,0.04171233,2.3230881286099994e-05,0.002987369303395242
3300,0.02867163,3.1803974610000006e-07,0.00034953991025600496,0.04161232,2.337012597959999e-05,0.002996308995468113
3350,0.02864435,3.3188125249999997e-07,0.0003570651228563215,0.04152654,2.3758997206400004e-05,0.003021134946805691
3400,0.02858599,3.306390728999997e-07,0.0003563962769800828,0.04144227,2.41014387101e-05,0.0030428290610666933
3450,0.02853102,3.317302176e-07,0.0003569838657323549,0.04136382,2.4471142787600005e-05,0.0030660779855190274
3500,0.02849565,3.2996918650000016e-07,0.00035603505822578773,0.0412907,2.4847533983999997e-05,0.003089567713336841
3550,0.02843834,3.3883161039999965e-07,0.0003607846330586488,0.0411848,2.4372352762e-05,0.003059882846948543
3600,0.02841163,3.349486481e-07,0.0003587114058042983,0.04112106,2.4682880912399993e-05,0.0030793141332620777
3650,0.02838403,3.402885581000005e-07,0.00036155947294974335,0.04104216,2.4976566712400002e-05,0.003097579356245064
3700,0.02833007,3.5189595009999986e-07,0.00036767424194579626,0.04097476,2.521489728239999e-05,0.0031123230777036597
3750,0.02828144,3.549899804e-07,0.00036928708462450184,0.0408858,2.566292733e-05,0.003139851933307174
3800,0.02823853,3.6664979410000014e-07,0.0003753027909587884,0.04081999,2.5966752636899986e-05,0.0031583837152872195
3850,0.02818938,3.8506842159999953e-07,0.00038461394259940165,0.04074313,2.62178401761e-05,0.0031736170975797595
3900,0.02815432,3.937026556e-07,0.0003889020598753573,0.04064068,2.5832177877600005e-05,0.003150188796478525
3950,0.02810502,4.23977017600001e-07,0.00040357776336316696,0.04056849,2.6133188606899987e-05,0.003168489503726768
4000,0.0280657,4.3639291600000116e-07,0.0004094443828049915,0.040489119999999997,2.650610703159999e-05,0.003191016464586081
4050,0.0280321,4.415078999999996e-07,0.0004118369517952461,0.04039958,2.6938825075600003e-05,0.003216958041542118
4100,0.0279825,4.5837379599999995e-07,0.00041962945257853387,0.04032621,2.724180637089999e-05,0.0032349980425720416
4150,0.027944010000000002,4.739619989000004e-07,0.00042670509898221765,0.04027647,2.7461101570100004e-05,0.0032479927307753655
4200,0.02791495,4.7449144649999986e-07,0.0004269433616856455,0.040215640000000004,2.77750668524e-05,0.003266507260365111
4250,0.02788727,4.523568361000006e-07,0.00041686616815972996,0.04012728,2.8035476175599986e-05,0.0032817843511752094
4300,0.0278415,4.572852900000005e-07,0.0004191309067658936,0.040083350000000004,2.8287756804499994e-05,0.003296517048949803
4350,0.02780377,4.7411664810000026e-07,0.00042677470817059453,0.04001068,2.848143810359999e-05,0.0033077831340459687
4400,0.02777648,4.773608575999995e-07,0.0004282323517152993,0.0399433,2.8828134583999997e-05,0.0033278545914431773
4450,0.02775631,4.799520469e-07,0.0004293930348027364,0.03982682,2.80510527376e-05,0.003282695907280541
4500,0.02774171,4.881028788999999e-07,0.0004330237891366062,0.03977492,2.8328377479600004e-05,0.003298883067427995
4550,0.02772213,4.991826041000004e-07,0.00043791093751019297,0.03972605,2.8530354402500005e-05,0.003310622441062164
4600,0.02770034,5.149181643999998e-07,0.000444759442885594,0.03966095,2.8826598806499995e-05,0.0033277659469237073
4650,0.02767772,5.305913235999995e-07,0.000451477533077977,0.03959563,2.9162523204100002e-05,0.003347099477769828
4700,0.02764875,5.584364244999998e-07,0.00046317268576193034,0.03955127,2.93992966621e-05,0.0033606597277487547
4750,0.02762586,5.767191664000003e-07,0.00047069356800813,0.03946401,2.9609979382900006e-05,0.0033726798958298525
4800,0.02759569,6.070775709000003e-07,0.00048292330616459597,0.03940355,2.9923487886499994e-05,0.003390487738729907
4850,0.02757983,6.229243600999993e-07,0.0004891856724966664,0.039335999999999996,3.0285438863999997e-05,0.0034109315727516784
4900,0.02755753,6.328364560999995e-07,0.0004930623215937067,0.03928204,3.0497709508400002e-05,0.0034228643100109807
4950,0.02752761,6.396923288999995e-07,0.0004957259374596248,0.03922414,3.079858177039999e-05,0.003439706844037273
5000,0.02749118,6.379636655999995e-07,0.0004950556754314566,0.03916395,3.108693976849999e-05,0.0034557718069147675
5050,0.02746623,6.393436101000006e-07,0.0004955908002132567,0.03911065,3.13790746705e-05,0.003471971388911389
5100,0.02745288,6.494154896000003e-07,0.000499479183234633,0.03904635,3.168268603449999e-05,0.003488727657329175
5150,0.02742644,6.688470844000013e-07,0.0005068967310440111,0.039001140000000004,3.195095312640001e-05,0.0035034665908265524
5200,0.02741528,6.585844136000002e-07,0.000502992831289449,0.03895025,3.215975321050001e-05,0.0035148955593794933
5250,0.02740757,6.560727780999996e-07,0.0005020327862150996,0.03886089,3.262600471490001e-05,0.0035402833179388324
5300,0.02739059,6.675450969000004e-07,0.0005064031244227312,0.03879403,3.30150864341e-05,0.0035613305946687753
5350,0.02737229,6.630837769000002e-07,0.0005047080975513511,0.03874708,3.3245981555599994e-05,0.0035737622017139436
5400,0.0273502,6.737710459999999e-07,0.0005087591621104822,0.03868811,3.3563031968899984e-05,0.0035907623648986603
5450,0.02732777,6.852214200999992e-07,0.0005130639928367764,0.038641669999999996,3.381668081609999e-05,0.003604305217696328
5500,0.02730978,6.982332196000005e-07,0.0005179124188910093,0.0385941,3.400944639399999e-05,0.00361456344898233
5550,0.027296090000000002,6.933174189000002e-07,0.000516086058370718,0.03855137,3.42848679261e-05,0.003629169996361506
5600,0.02727373,7.020332820999996e-07,0.000519319849082948,0.03851114,3.428150828840001e-05,0.0036289921774608092
5650,0.02725693,7.055620901000004e-07,0.000520623407592106,0.03846763,3.454917201410001e-05,0.0036431318835497377
5700,0.02723711,7.191018069000008e-07,0.0005255950438680946,0.03842723,3.4773707270100004e-05,0.003654951078315771
5750,0.0272137,7.349871200000007e-07,0.0005313686592368806,0.038381189999999996,3.506536763490002e-05,0.0036702468078622713
5800,0.02718178,7.387538596000001e-07,0.0005327285262719991,0.03833505,3.537740621450001e-05,0.003686540976493049
5850,0.02716608,7.382384496000001e-07,0.000532542658195882,0.03828367,3.568918789010002e-05,0.0037027501157735213
5900,0.02714901,7.388335288999992e-07,0.0005327572509710437,0.03822596,3.585109690240001e-05,0.0037111396344015387
5950,0.02713101,7.525407308999991e-07,0.0005376765265310953,0.03818149,3.612423066490002e-05,0.003725249582541818
6000,0.02711865,7.584295125000001e-07,0.0005397761401933213,0.03814189,3.638959298890001e-05,0.0037389070652552765
6050,0.02711105,7.618233304999999e-07,0.0005409824864493119,0.03809492,3.6655872583600015e-05,0.003752561793190857
6100,0.027089949999999998,7.541784125000001e-07,0.0005382612552896596,0.03804138,3.683087605559999e-05,0.0037615089187079285
6150,0.02707616,7.50517508400001e-07,0.0005369532624232246,0.037998569999999995,3.70894863001e-05,0.003774691650591663
6200,0.02706215,7.588965965000007e-07,0.0005399423270233963,0.03793978,3.7442137349599994e-05,0.003792594294704132
6250,0.02705409,7.583291129000003e-07,0.000539740411690346,0.03789186,3.770734377639999e-05,0.003806002257637509
6300,0.027037659999999998,7.764099403999996e-07,0.0005461370182509731,0.03782897,3.7920166148099994e-05,0.0038167277905889613
6350,0.02702049,7.911066708999997e-07,0.0005512817235252262,0.037796869999999996,3.811059784209999e-05,0.0038262994220292184
6400,0.026999659999999998,8.007350084e-07,0.000554626325400214,0.03775679,3.8335628284899995e-05,0.003837579310180727
6450,0.02696657,7.577491381000003e-07,0.0005395339738074852,0.03771034,3.8616662158399994e-05,0.0038516200402909603
6500,0.02694766,7.646771224e-07,0.0005419948001052999,0.03766299,3.890267100889999e-05,0.0038658569677083266
6550,0.02693268,7.622817295999992e-07,0.0005411452201055976,0.03760616,3.92718201124e-05,0.0038841553025567325
6600,0.02691613,7.492054480999995e-07,0.0005364837042651862,0.03757688,3.946600531559999e-05,0.0038937463453646917
6650,0.02689883,7.477874760999999e-07,0.000535975780067137,0.03753003,3.977605337610001e-05,0.00390901121320502
6700,0.026882180000000002,7.611244375999992e-07,0.0005407342822019108,0.03749606,3.99929154404e-05,0.00391965284120725
6750,0.02686892,7.763747795999998e-07,0.0005461246518251451,0.03744434,4.01965044644e-05,0.003929616922174972
6800,0.02684956,7.926178444000001e-07,0.0005518080020303294,0.0374077,4.0439665905999996e-05,0.003941484752532852
6850,0.0268401,7.993581519999995e-07,0.0005541492828402107,0.03737957,4.062133130809999e-05,0.003950327914910317
6900,0.02682071,8.094640548999998e-07,0.0005576412030422285,0.03732817,4.092828699409999e-05,0.003965225180447317
6950,0.02680603,8.240030280999998e-07,0.0005626268774906652,0.037285729999999996,4.1206022678100003e-05,0.003978656264622378
7000,0.02679198,8.235411435999997e-07,0.0005624691686887165,0.03724235,4.14670160585e-05,0.003991236511287368
7050,0.02677662,8.161375055999999e-07,0.0005599351606671043,0.03719858,4.1695650233599996e-05,0.00400222450566429
7100,0.02675214,8.243895823999999e-07,0.0005627588310944432,0.03715243,4.19337670641e-05,0.004013636251000413
7150,0.0267277,8.397259199999998e-07,0.0005679692856371724,0.03710728,4.20529343216e-05,0.004019335174999201
7200,0.026705239999999998,8.225803004000003e-07,0.0005621409504756472,0.03706455,4.2293147936499994e-05,0.0040307983962592124
7250,0.02668936,8.208766863999998e-07,0.0005615585346581636,0.03703496,4.24697120004e-05,0.0040392034563851405
7300,0.02667088,8.211935536000009e-07,0.0005616669080077411,0.03699715,4.259153863450001e-05,0.0040449926429883066
7350,0.02665835,8.224934104999996e-07,0.0005621112599634345,0.036970010000000005,4.277653815490001e-05,0.004053767987636488
7400,0.02664281,8.279180749000004e-07,0.00056396188492981,0.03692144,4.298989974840001e-05,0.004063865141382689
7450,0.02662926,8.320048563999996e-07,0.0005653520899710408,0.03688686,4.317804429640001e-05,0.004072748150439089
7500,0.026610500000000002,8.267085879999997e-07,0.0005635497947529391,0.03682721,4.3348300504899995e-05,0.004080769917792767
7550,0.02659834,8.208595043999994e-07,0.0005615526575578676,0.03677121,4.3667310080900003e-05,0.004095758030045054
7600,0.02658763,8.135644321e-07,0.0005590517974530946,0.03671362,4.319532448559999e-05,0.004073563041661205
7650,0.02658085,8.08636892500001e-07,0.0005573562134064717,0.03668012,4.342133399759999e-05,0.004084206124636465
7700,0.02657288,8.079394976000002e-07,0.0005571158204520997,0.03664747,4.366827539009999e-05,0.00409580330019165
7750,0.02656268,8.055140915999994e-07,0.0005562789708671862,0.036602749999999996,4.39025219185e-05,0.00410677401620919
7800,0.02655802,8.043334535999997e-07,0.0005558711537172764,0.03656836,4.4072182018400014e-05,0.0041147016227411366
7850,0.02654683,8.095331101000009e-07,0.0005576649886589764,0.03654661,4.4230127810900015e-05,0.0041220681580773685
7900,0.02653548,8.108738035999999e-07,0.0005581265809751189,0.03650929,4.4448397016900006e-05,0.004132226542435967
7950,0.02652386,8.072130064000001e-07,0.0005568652876043039,0.03647967,4.463911373810002e-05,0.004141082217685192
8000,0.02650768,7.975783375999997e-07,0.000553532017296575,0.03644561,4.482687404890001e-05,0.004149782155080605
8050,0.02648871,7.919398428999997e-07,0.0005515719445806358,0.03639725,4.5122483002500015e-05,0.004163442454296734
8100,0.02647703,7.831478061000015e-07,0.0005485016510379677,0.03635939,4.5328451912900016e-05,0.0041729339902351285
8150,0.02646529,7.690674628999997e-07,0.0005435484859216001,0.03633258,4.551344739360001e-05,0.004181440654932864
8200,0.0264504,7.565814980000006e-07,0.0005391181208897362,0.03629885,4.560300002250001e-05,0.00418555235167876
8250,0.026438,7.558359699999999e-07,0.0005388524345636753,0.03627684,4.5751952558400006e-05,0.004192382388909073
8300,0.02642763,7.575164341000003e-07,0.0005394511222750919,0.0362453,4.595720737200001e-05,0.0042017759083544095
8350,0.026415150000000002,7.669259324999997e-07,0.0005427911810532664,0.03621574,4.615387890440001e-05,0.004210756953317812
8400,0.02641105,7.681168184999997e-07,0.0005432124418631811,0.03617578,4.6304970265600004e-05,0.004217643581104607
8450,0.02639407,7.53771488099999e-07,0.0005381160236124692,0.0361412,4.650272399e-05,0.004226640089716464
8500,0.02638283,7.54884078099999e-07,0.0005385130151100302,0.03611379,4.67027615749e-05,0.004235721058640852
8550,0.026373729999999998,7.539300320999995e-07,0.000538172612766142,0.036077029999999996,4.693924275810002e-05,0.004246431383874194
8600,0.026360849999999998,7.559911564999996e-07,0.000538907749694732,0.03605161,4.7067223900900006e-05,0.004252216449543667
8650,0.02635313,7.564685640999994e-07,0.0005390778826706358,0.03602339,4.720629359089999e-05,0.004258493835369513
8700,0.02634363,7.520391040999996e-07,0.0005374972950918504,0.03600654,4.7322653576399996e-05,0.004263739039611808
8750,0.02632711,7.494256648999999e-07,0.000536562543817572,0.03597897,4.749311731209999e-05,0.004271411470066579
8800,0.0263129,7.445346079999998e-07,0.0005348087648957147,0.03594933,4.768768503809999e-05,0.004280151993123199
8850,0.02629932,7.473523755999991e-07,0.0005358198284969451,0.03590727,4.79320542241e-05,0.0042911045140767955
8900,0.02628682,7.517666555999998e-07,0.0005373999240931244,0.03586872,4.812666892759999e-05,0.00429980710442071
8950,0.02627212,7.579281536000002e-07,0.000539597701521213,0.03584603,4.828853388209998e-05,0.004307031829014911
9000,0.026253600000000002,7.691633819999999e-07,0.00054358238090387,0.03582546,4.83937217204e-05,0.004311720322111449
9050,0.02624182,7.731134695999989e-07,0.0005449763944259747,0.03580568,4.85245246576e-05,0.0043175434441894865
9100,0.02623361,7.69974790899999e-07,0.0005438690243727285,0.03577697,4.860347347609999e-05,0.004321054312384718
9150,0.02622452,7.638893915999998e-07,0.000541715560674655,0.03574647,4.8650818402100006e-05,0.004323158382172777
9200,0.02621941,7.677206128999997e-07,0.0005430723254334213,0.03572082,4.88173806776e-05,0.004330552500675499
9250,0.02621055,7.667572404999995e-07,0.0005427314819599834,0.03569127,4.9015020084099996e-05,0.004339309866269964
9300,0.02620065,7.638868604999994e-07,0.0005417146632034984,0.0356547,4.9264366958000005e-05,0.004350333229832547
9350,0.02619286,7.642677043999991e-07,0.0005418496851732071,0.03563549,4.9402721340899995e-05,0.0043564376995798
9400,0.02618279,7.629582908999993e-07,0.0005413853129076773,0.03561345,4.954239469249999e-05,0.004362591700476999
9450,0.02616963,7.641251740999999e-07,0.0005417991573288538,0.03558128,4.971165107360001e-05,0.0043700375143051326
9500,0.02616069,7.649511089e-07,0.0005420918907298134,0.03555668,4.983623610960001e-05,0.00437551008042079
9550,0.02615075,7.744280824999988e-07,0.0005454395403463152,0.03553836,4.996787926240001e-05,0.004381285256342434
9600,0.02613853,7.801698980999992e-07,0.0005474578230823774,0.03551994,5.0102630440400015e-05,0.004387188907487808
9650,0.02613083,7.796325220999995e-07,0.0005472692478935171,0.0354836,5.0329612620000016e-05,0.004397115416281361
9700,0.02612207,7.783516340999994e-07,0.0005468194983318131,0.03545994,5.0480686384400005e-05,0.0044037098543649655
9750,0.02610633,7.744223920999995e-07,0.0005454375364321159,0.03542392,5.0634208691600015e-05,0.004410401071440676
9800,0.02609076,7.806057483999983e-07,0.0005476107233293951,0.03540376,5.0755326714400005e-05,0.00441567280384359
9850,0.02607868,7.831631616000001e-07,0.0005485070283599437,0.03537618,5.0873560015600007e-05,0.004420812913434914
9900,0.02607008,7.850767116e-07,0.0005491767197617321,0.035359890000000005,5.09956626449e-05,0.004426114973841595
9950,0.02605575,7.916883324999996e-07,0.0005514843513765371,0.03533927,5.1147418912100006e-05,0.004432695844435115
10000,0.02604341,7.890809649000004e-07,0.0005505754657410591,0.03531448,5.1322311971600016e-05,0.004440267938650759
